"","OTU","Size","Phylum","Class","Order","Family","Genus"
"Otu0001","Otu0001",2416163,"Proteobacteria","Gammaproteobacteria","Enterobacterales","Enterobacteriaceae","Escherichia/Shigella"
"Otu0002","Otu0002",1438650,"Proteobacteria","Gammaproteobacteria","Enterobacterales","Enterobacteriaceae","Enterobacteriaceae_unclassified"
"Otu0003","Otu0003",687228,"Firmicutes","Bacilli","Lactobacillales","Enterococcaceae","Enterococcus"
"Otu0004","Otu0004",416914,"Bacteroidetes","Bacteroidia","Bacteroidales","Bacteroidaceae","Phocaeicola"
"Otu0005","Otu0005",306642,"Firmicutes","Bacilli","Bacillales","Staphylococcaceae","Staphylococcus"
"Otu0006","Otu0006",206366,"Firmicutes","Clostridia","Clostridiales","Peptoniphilaceae","Finegoldia"
"Otu0007","Otu0007",200503,"Bacteroidetes","Bacteroidia","Bacteroidales","Prevotellaceae","Prevotella"
"Otu0008","Otu0008",171862,"Firmicutes","Clostridia","Clostridiales","Peptoniphilaceae","Fenollaria"
"Otu0009","Otu0009",167141,"Bacteroidetes","Bacteroidia","Bacteroidales","Prevotellaceae","Prevotella"
"Otu0010","Otu0010",158878,"Firmicutes","Negativicutes","Veillonellales","Veillonellaceae","Veillonella"
"Otu0011","Otu0011",155732,"Bacteroidetes","Bacteroidia","Bacteroidales","Prevotellaceae","Prevotella"
"Otu0012","Otu0012",146633,"Proteobacteria","Gammaproteobacteria","Pseudomonadales","Pseudomonadaceae","Pseudomonas"
"Otu0013","Otu0013",145431,"Firmicutes","Clostridia","Clostridiales","Peptoniphilaceae","Peptoniphilus"
"Otu0014","Otu0014",137051,"Bacteroidetes","Bacteroidia","Bacteroidales","Bacteroidaceae","Bacteroides"
"Otu0015","Otu0015",132626,"Bacteroidetes","Bacteroidia","Bacteroidales","Bacteroidaceae","Bacteroides"
"Otu0016","Otu0016",126628,"Firmicutes","Negativicutes","Acidaminococcales","Acidaminococcaceae","Phascolarctobacterium"
"Otu0017","Otu0017",126007,"Verrucomicrobia","Verrucomicrobiae","Verrucomicrobiales","Akkermansiaceae","Akkermansia"
"Otu0018","Otu0018",118148,"Bacteroidetes","Bacteroidia","Bacteroidales","Bacteroidaceae","Bacteroides"
"Otu0019","Otu0019",116640,"Bacteroidetes","Bacteroidia","Bacteroidales","Porphyromonadaceae","Porphyromonas"
"Otu0020","Otu0020",95552,"Bacteroidetes","Bacteroidia","Bacteroidales","Bacteroidaceae","Bacteroides"
"Otu0021","Otu0021",94073,"Firmicutes","Clostridia","Clostridiales","Peptoniphilaceae","Anaerococcus"
"Otu0022","Otu0022",92447,"Firmicutes","Clostridia","Clostridiales","Peptoniphilaceae","Anaerococcus"
"Otu0023","Otu0023",91742,"Proteobacteria","Gammaproteobacteria","Enterobacterales","Hafniaceae","Hafnia"
"Otu0024","Otu0024",90089,"Bacteroidetes","Bacteroidia","Bacteroidales","Prevotellaceae","Prevotella"
"Otu0025","Otu0025",88920,"Actinobacteria","Actinobacteria","Mycobacteriales","Corynebacteriaceae","Corynebacterium"
"Otu0026","Otu0026",84811,"Firmicutes","Clostridia","Clostridiales","Lachnospiraceae","Enterocloster"
"Otu0027","Otu0027",84231,"Firmicutes","Negativicutes","Veillonellales","Veillonellaceae","Dialister"
"Otu0028","Otu0028",78234,"Bacteroidetes","Bacteroidia","Bacteroidales","Porphyromonadaceae","Parabacteroides"
"Otu0029","Otu0029",75995,"Proteobacteria","Gammaproteobacteria","Enterobacterales","Morganellaceae","Proteus"
"Otu0030","Otu0030",74913,"Verrucomicrobia","Verrucomicrobiae","Verrucomicrobiales","Akkermansiaceae","Akkermansia"
"Otu0031","Otu0031",74647,"Bacteroidetes","Bacteroidia","Bacteroidales","Porphyromonadaceae","Porphyromonas"
"Otu0032","Otu0032",71563,"Verrucomicrobia","Verrucomicrobiae","Verrucomicrobiales","Akkermansiaceae","Akkermansia"
"Otu0033","Otu0033",71019,"Bacteroidetes","Bacteroidia","Bacteroidales","Rikenellaceae","Alistipes"
"Otu0034","Otu0034",68619,"Firmicutes","Bacilli","Lactobacillales","Streptococcaceae","Streptococcus"
"Otu0035","Otu0035",66994,"Firmicutes","Negativicutes","Veillonellales","Veillonellaceae","Megasphaera"
"Otu0036","Otu0036",66805,"Firmicutes","Clostridia","Clostridiales","Ruminococcaceae","Faecalibacterium"
"Otu0037","Otu0037",65940,"Bacteroidetes","Bacteroidia","Bacteroidales","Porphyromonadaceae","Parabacteroides"
"Otu0038","Otu0038",56830,"Proteobacteria","Gammaproteobacteria","Enterobacterales","Morganellaceae","Morganella"
"Otu0039","Otu0039",54183,"Firmicutes","Bacilli","Lactobacillales","Lactobacillaceae","Limosilactobacillus"
"Otu0040","Otu0040",53839,"Firmicutes","Clostridia","Clostridiales","Lachnospiraceae","Ruminococcus2"
"Otu0041","Otu0041",52598,"Campilobacterota","Campylobacteria","Campylobacterales","Campylobacteraceae","Campylobacter"
"Otu0042","Otu0042",52163,"Proteobacteria","Gammaproteobacteria","Pseudomonadales","Pseudomonadaceae","Pseudomonas"
"Otu0043","Otu0043",51617,"Actinobacteria","Actinobacteria","Bifidobacteriales","Bifidobacteriaceae","Bifidobacterium"
"Otu0044","Otu0044",51027,"Firmicutes","Bacilli","Bacillales","Bacillaceae_1","Bacillaceae_1_unclassified"
"Otu0045","Otu0045",48998,"Firmicutes","Negativicutes","Acidaminococcales","Acidaminococcaceae","Acidaminococcus"
"Otu0046","Otu0046",48524,"Firmicutes","Clostridia","Clostridiales","Lachnospiraceae","Lachnospiraceae_unclassified"
"Otu0047","Otu0047",48026,"Bacteroidetes","Bacteroidia","Bacteroidales","Prevotellaceae","Metaprevotella"
"Otu0048","Otu0048",47289,"Firmicutes","Clostridia","Clostridiales","Peptoniphilaceae","Ezakiella"
"Otu0049","Otu0049",46911,"Actinobacteria","Actinobacteria","Mycobacteriales","Corynebacteriaceae","Corynebacterium"
"Otu0050","Otu0050",44630,"Bacteroidetes","Bacteroidia","Bacteroidales","Bacteroidaceae","Bacteroides"
"Otu0051","Otu0051",42262,"Bacteroidetes","Bacteroidia","Bacteroidales","Rikenellaceae","Alistipes"
"Otu0052","Otu0052",42235,"Firmicutes","Bacilli","Bacillales","Listeriaceae","Listeria"
"Otu0053","Otu0053",41297,"Bacteroidetes","Bacteroidia","Bacteroidales","Prevotellaceae","Prevotella"
"Otu0054","Otu0054",41272,"Firmicutes","Clostridia","Clostridiales","Ruminococcaceae","Ruminococcaceae_unclassified"
"Otu0055","Otu0055",39337,"Bacteroidetes","Bacteroidia","Bacteroidales","Porphyromonadaceae","Porphyromonas"
"Otu0056","Otu0056",38868,"Firmicutes","Bacilli","Lactobacillales","Streptococcaceae","Streptococcus"
"Otu0057","Otu0057",36597,"Proteobacteria","Gammaproteobacteria","Enterobacterales","Morganellaceae","Providencia"
"Otu0058","Otu0058",35991,"Proteobacteria","Betaproteobacteria","Burkholderiales","Sutterellaceae","Parasutterella"
"Otu0059","Otu0059",34080,"Firmicutes","Bacilli","Lactobacillales","Lactobacillaceae","Lactobacillus"
"Otu0060","Otu0060",33969,"Firmicutes","Bacilli","Lactobacillales","Streptococcaceae","Streptococcus"
"Otu0061","Otu0061",33735,"Proteobacteria","Gammaproteobacteria","Pseudomonadales","Moraxellaceae","Acinetobacter"
"Otu0062","Otu0062",32854,"Bacteroidetes","Bacteroidia","Bacteroidales","Bacteroidaceae","Bacteroidaceae_unclassified"
"Otu0063","Otu0063",32419,"Bacteroidetes","Bacteroidia","Bacteroidales","Bacteroidaceae","Bacteroides"
"Otu0064","Otu0064",32353,"Actinobacteria","Actinobacteria","Mycobacteriales","Corynebacteriaceae","Corynebacterium"
"Otu0065","Otu0065",32139,"Bacteroidetes","Bacteroidia","Bacteroidales","Rikenellaceae","Alistipes"
"Otu0066","Otu0066",31999,"Actinobacteria","Coriobacteriia","Coriobacteriales","Coriobacteriaceae","Collinsella"
"Otu0067","Otu0067",31931,"Bacteroidetes","Bacteroidia","Bacteroidales","Prevotellaceae","Massiliprevotella"
"Otu0068","Otu0068",31865,"Firmicutes","Clostridia","Clostridiales","Lachnospiraceae","Hungatella"
"Otu0069","Otu0069",30525,"Proteobacteria","Gammaproteobacteria","Pasteurellales","Pasteurellaceae","Haemophilus"
"Otu0070","Otu0070",29740,"Firmicutes","Clostridia","Clostridiales","Ruminococcaceae","Ruthenibacterium"
"Otu0071","Otu0071",29626,"Campilobacterota","Campylobacteria","Campylobacterales","Campylobacteraceae","Campylobacter"
"Otu0072","Otu0072",28984,"Firmicutes","Erysipelotrichia","Erysipelotrichales","Erysipelotrichaceae","Erysipelotrichaceae_unclassified"
"Otu0073","Otu0073",28830,"Proteobacteria","Gammaproteobacteria","Xanthomonadales","Xanthomonadaceae","Stenotrophomonas"
"Otu0074","Otu0074",28720,"Bacteroidetes","Bacteroidia","Bacteroidales","Prevotellaceae","Prevotella"
"Otu0075","Otu0075",28697,"Firmicutes","Clostridia","Clostridiales","Peptoniphilaceae","Peptoniphilus"
"Otu0076","Otu0076",28286,"Bacteroidetes","Bacteroidia","Bacteroidales","Prevotellaceae","Prevotella"
"Otu0077","Otu0077",28023,"Firmicutes","Bacilli","Lactobacillales","Streptococcaceae","Streptococcus"
"Otu0078","Otu0078",27633,"Proteobacteria","Deltaproteobacteria","Desulfovibrionales","Desulfovibrionaceae","Bilophila"
"Otu0079","Otu0079",26709,"Firmicutes","Clostridia","Clostridiales","Ruminococcaceae","Dysosmobacter"
"Otu0080","Otu0080",26617,"Firmicutes","Clostridia","Clostridiales","Lachnospiraceae","Lachnospiraceae_unclassified"
"Otu0081","Otu0081",26389,"Firmicutes","Clostridia","Clostridiales","Lachnospiraceae","Blautia"
"Otu0082","Otu0082",26369,"Firmicutes","Erysipelotrichia","Erysipelotrichales","Erysipelotrichaceae","Longicatena"
"Otu0083","Otu0083",26226,"Bacteroidetes","Bacteroidia","Bacteroidales","Porphyromonadaceae","Porphyromonadaceae_unclassified"
"Otu0084","Otu0084",26139,"Fusobacteria","Fusobacteriia","Fusobacteriales","Fusobacteriaceae","Fusobacterium"
"Otu0085","Otu0085",25894,"Firmicutes","Bacilli","Bacillales","Bacillales_unclassified","Bacillales_unclassified"
"Otu0086","Otu0086",25128,"Actinobacteria","Actinobacteria","Actinomycetales","Actinomycetaceae","Varibaculum"
"Otu0087","Otu0087",24996,"Firmicutes","Clostridia","Clostridiales","Peptostreptococcaceae","Clostridioides"
"Otu0088","Otu0088",24649,"Firmicutes","Clostridia","Clostridiales","Ruminococcaceae","Ruminococcaceae_unclassified"
"Otu0089","Otu0089",24524,"Firmicutes","Erysipelotrichia","Erysipelotrichales","Erysipelatoclostridiaceae","Erysipelatoclostridium"
"Otu0090","Otu0090",24192,"Firmicutes","Clostridia","Clostridiales","Lachnospiraceae","Lachnospiraceae_unclassified"
"Otu0091","Otu0091",23507,"Synergistetes","Synergistia","Synergistales","Synergistaceae","Cloacibacillus"
"Otu0092","Otu0092",23149,"Actinobacteria","Actinobacteria","Actinomycetales","Actinomycetaceae","Mobiluncus"
"Otu0093","Otu0093",23106,"Firmicutes","Clostridia","Clostridiales","Lachnospiraceae","Anaerotignum"
"Otu0094","Otu0094",22978,"Firmicutes","Clostridia","Clostridiales","Clostridiales_unclassified","Clostridiales_unclassified"
"Otu0095","Otu0095",22220,"Firmicutes","Clostridia","Clostridiales","Ruminococcaceae","Flavonifractor"
"Otu0096","Otu0096",22077,"Firmicutes","Clostridia","Clostridiales","Clostridiaceae_1","Clostridium_sensu_stricto"
"Otu0097","Otu0097",21228,"Bacteroidetes","Bacteroidia","Bacteroidales","Prevotellaceae","Prevotella"
"Otu0098","Otu0098",20109,"Firmicutes","Clostridia","Clostridiales","Peptoniphilaceae","Peptoniphilus"
"Otu0099","Otu0099",20074,"Bacteroidetes","Bacteroidia","Bacteroidales","Bacteroidaceae","Bacteroides"
"Otu0100","Otu0100",19961,"Synergistetes","Synergistia","Synergistales","Synergistaceae","Rarimicrobium"
"Otu0101","Otu0101",19946,"Firmicutes","Clostridia","Clostridiales","Lachnospiraceae","Clostridium_XlVa"
"Otu0102","Otu0102",19777,"Actinobacteria","Actinobacteria","Mycobacteriales","Lawsonellaceae","Lawsonella"
"Otu0103","Otu0103",19776,"Firmicutes","Negativicutes","Veillonellales","Veillonellaceae","Negativicoccus"
"Otu0104","Otu0104",19615,"Bacteroidetes","Bacteroidia","Bacteroidales","Porphyromonadaceae","Porphyromonas"
"Otu0105","Otu0105",19505,"Proteobacteria","Gammaproteobacteria","Pseudomonadales","Moraxellaceae","Acinetobacter"
"Otu0106","Otu0106",19308,"Bacteroidetes","Bacteroidia","Bacteroidales","Odoribacteraceae","Odoribacter"
"Otu0107","Otu0107",19278,"Firmicutes","Clostridia","Clostridiales","Peptostreptococcaceae","Peptostreptococcus"
"Otu0108","Otu0108",19151,"Bacteroidetes","Bacteroidia","Bacteroidales","Porphyromonadaceae","Parabacteroides"
"Otu0109","Otu0109",17745,"Firmicutes","Clostridia","Clostridiales","Ruminococcaceae","Ruminococcaceae_unclassified"
"Otu0110","Otu0110",17095,"Firmicutes","Clostridia","Clostridiales","Lachnospiraceae","Blautia"
"Otu0111","Otu0111",16932,"Firmicutes","Bacilli","Bacillales","Staphylococcaceae","Staphylococcus"
"Otu0112","Otu0112",16606,"Bacteroidetes","Bacteroidia","Bacteroidales","Prevotellaceae","Prevotella"
"Otu0113","Otu0113",16494,"Firmicutes","Bacilli","Lactobacillales","Streptococcaceae","Streptococcus"
"Otu0114","Otu0114",16488,"Firmicutes","Bacilli","Lactobacillales","Lactobacillaceae","Lacticaseibacillus"
"Otu0115","Otu0115",16463,"Bacteroidetes","Bacteroidia","Bacteroidales","Bacteroidaceae","Bacteroides"
"Otu0116","Otu0116",16258,"Firmicutes","Negativicutes","Acidaminococcales","Acidaminococcaceae","Phascolarctobacterium"
"Otu0117","Otu0117",16114,"Firmicutes","Negativicutes","Selenomonadales","Selenomonadaceae","Megamonas"
"Otu0118","Otu0118",16107,"Proteobacteria","Gammaproteobacteria","Aeromonadales","Aeromonadaceae","Aeromonas"
"Otu0119","Otu0119",15630,"Firmicutes","Clostridia","Clostridiales","Lachnospiraceae","Blautia"
"Otu0120","Otu0120",15410,"Firmicutes","Clostridia","Clostridiales","Clostridiaceae_1","Clostridium_sensu_stricto"
"Otu0121","Otu0121",15206,"Firmicutes","Clostridia","Clostridiales","Peptoniphilaceae","Anaerococcus"
"Otu0122","Otu0122",14934,"Bacteroidetes","Bacteroidia","Bacteroidales","Dysgonomonadaceae","Dysgonomonas"
"Otu0123","Otu0123",14884,"Firmicutes","Clostridia","Clostridiales","Peptoniphilaceae","Murdochiella"
"Otu0124","Otu0124",14554,"Firmicutes","Clostridia","Clostridiales","Lachnospiraceae","Fusicatenibacter"
"Otu0125","Otu0125",14089,"Firmicutes","Clostridia","Clostridiales","Ruminococcaceae","Ruminococcaceae_unclassified"
"Otu0126","Otu0126",13451,"Firmicutes","Firmicutes_unclassified","Firmicutes_unclassified","Firmicutes_unclassified","Firmicutes_unclassified"
"Otu0127","Otu0127",13172,"Fusobacteria","Fusobacteriia","Fusobacteriales","Fusobacteriaceae","Fusobacterium"
"Otu0128","Otu0128",12664,"Firmicutes","Clostridia","Clostridiales","Clostridiales_unclassified","Clostridiales_unclassified"
"Otu0129","Otu0129",12168,"Firmicutes","Clostridia","Clostridiales","Peptoniphilaceae","Peptoniphilus"
"Otu0130","Otu0130",11657,"Firmicutes","Negativicutes","Veillonellales","Veillonellaceae","Megasphaera"
"Otu0131","Otu0131",11322,"Firmicutes","Clostridia","Clostridiales","Ruminococcaceae","Ruminococcaceae_unclassified"
"Otu0132","Otu0132",11100,"Actinobacteria","Actinobacteria","Mycobacteriales","Corynebacteriaceae","Corynebacterium"
"Otu0133","Otu0133",11037,"Firmicutes","Clostridia","Clostridiales","Lachnospiraceae","Blautia"
"Otu0134","Otu0134",10923,"Fusobacteria","Fusobacteriia","Fusobacteriales","Leptotrichiaceae","Leptotrichiaceae_unclassified"
"Otu0135","Otu0135",10898,"Bacteroidetes","Bacteroidia","Bacteroidales","Bacteroidaceae","Phocaeicola"
"Otu0136","Otu0136",10532,"Firmicutes","Bacilli","Lactobacillales","Lactobacillaceae","Ligilactobacillus"
"Otu0137","Otu0137",9975,"Firmicutes","Clostridia","Clostridiales","Peptoniphilaceae","Anaerococcus"
"Otu0138","Otu0138",9874,"Proteobacteria","Betaproteobacteria","Burkholderiales","Sutterellaceae","Sutterella"
"Otu0139","Otu0139",9853,"Firmicutes","Clostridia","Clostridiales","Lachnospiraceae","Eisenbergiella"
"Otu0140","Otu0140",9853,"Actinobacteria","Coriobacteriia","Eggerthellales","Eggerthellaceae","Eggerthella"
"Otu0141","Otu0141",9756,"Firmicutes","Clostridia","Clostridiales","Lachnospiraceae","Dorea"
"Otu0142","Otu0142",9660,"Firmicutes","Negativicutes","Veillonellales","Veillonellaceae","Anaeroglobus"
"Otu0143","Otu0143",9424,"Firmicutes","Clostridia","Clostridiales","Clostridiaceae_1","Clostridium_sensu_stricto"
"Otu0144","Otu0144",9341,"Proteobacteria","Deltaproteobacteria","Desulfovibrionales","Desulfovibrionaceae","Desulfovibrio"
"Otu0145","Otu0145",9200,"Firmicutes","Bacilli","Lactobacillales","Lactobacillaceae","Limosilactobacillus"
"Otu0146","Otu0146",9031,"Firmicutes","Negativicutes","Veillonellales","Veillonellaceae","Veillonella"
"Otu0147","Otu0147",8903,"Firmicutes","Clostridia","Clostridiales","Lachnospiraceae","Sellimonas"
"Otu0148","Otu0148",8901,"Firmicutes","Clostridia","Clostridiales","Lachnospiraceae","Lachnospiraceae_unclassified"
"Otu0149","Otu0149",8616,"Firmicutes","Clostridia","Clostridiales","Ruminococcaceae","Flintibacter"
"Otu0150","Otu0150",8547,"Firmicutes","Bacilli","Lactobacillales","Streptococcaceae","Lactococcus"
"Otu0151","Otu0151",8446,"Firmicutes","Clostridia","Clostridiales","Clostridiales_unclassified","Clostridiales_unclassified"
"Otu0152","Otu0152",8375,"Firmicutes","Clostridia","Clostridiales","Ruminococcaceae","Ruminococcaceae_unclassified"
"Otu0153","Otu0153",8339,"Firmicutes","Clostridia","Clostridiales","Lachnospiraceae","Lachnospiraceae_unclassified"
"Otu0154","Otu0154",8270,"Firmicutes","Clostridia","Clostridiales","Lachnospiraceae","Clostridium_XlVa"
"Otu0155","Otu0155",8223,"Actinobacteria","Actinobacteria","Bifidobacteriales","Bifidobacteriaceae","Gardnerella"
"Otu0156","Otu0156",8196,"Bacteroidetes","Bacteroidia","Bacteroidales","Odoribacteraceae","Butyricimonas"
"Otu0157","Otu0157",8172,"Synergistetes","Synergistia","Synergistales","Synergistaceae","Cloacibacillus"
"Otu0158","Otu0158",8166,"Firmicutes","Negativicutes","Veillonellales","Veillonellaceae","Anaeroglobus"
"Otu0159","Otu0159",8015,"Firmicutes","Firmicutes_unclassified","Firmicutes_unclassified","Firmicutes_unclassified","Firmicutes_unclassified"
"Otu0160","Otu0160",7989,"Firmicutes","Clostridia","Clostridiales","Peptoniphilaceae","Anaerococcus"
"Otu0161","Otu0161",7891,"Bacteroidetes","Bacteroidia","Bacteroidales","Prevotellaceae","Prevotella"
"Otu0162","Otu0162",7308,"Bacteroidetes","Flavobacteriia","Flavobacteriales","Weeksellaceae","Empedobacter"
"Otu0163","Otu0163",7176,"Bacteroidetes","Bacteroidia","Bacteroidales","Prevotellaceae","Prevotella"
"Otu0164","Otu0164",6986,"Firmicutes","Clostridia","Clostridiales","Ruminococcaceae","Ruminococcaceae_unclassified"
"Otu0165","Otu0165",6940,"Firmicutes","Clostridia","Clostridiales","Ruminococcaceae","Ruminococcaceae_unclassified"
"Otu0166","Otu0166",6909,"Firmicutes","Bacilli","Lactobacillales","Lactobacillaceae","Lactobacillus"
"Otu0167","Otu0167",6886,"Actinobacteria","Actinobacteria","Mycobacteriales","Corynebacteriaceae","Corynebacterium"
"Otu0168","Otu0168",6613,"Firmicutes","Clostridia","Clostridiales","Peptoniphilaceae","Ezakiella"
"Otu0169","Otu0169",6603,"Actinobacteria","Actinobacteria","Actinomycetales","Actinomycetaceae","Schaalia"
"Otu0170","Otu0170",6548,"Firmicutes","Clostridia","Clostridiales","Ruminococcaceae","Ruminococcaceae_unclassified"
"Otu0171","Otu0171",6465,"Bacteroidetes","Bacteroidia","Bacteroidales","Prevotellaceae","Prevotella"
"Otu0172","Otu0172",6422,"Firmicutes","Clostridia","Clostridiales","Clostridiales_Incertae_Sedis_XIII","Alterileibacterium"
"Otu0173","Otu0173",6336,"Campilobacterota","Campylobacteria","Campylobacterales","Campylobacteraceae","Campylobacter"
"Otu0174","Otu0174",6273,"Firmicutes","Clostridia","Clostridiales","Peptoniphilaceae","Fenollaria"
"Otu0175","Otu0175",6183,"Actinobacteria","Actinobacteria","Mycobacteriales","Corynebacteriaceae","Corynebacterium"
"Otu0176","Otu0176",6052,"Firmicutes","Clostridia","Clostridiales","Peptoniphilaceae","Anaerococcus"
"Otu0177","Otu0177",6000,"Firmicutes","Clostridia","Clostridiales","Clostridiales_unclassified","Clostridiales_unclassified"
"Otu0178","Otu0178",5930,"Firmicutes","Clostridia","Clostridiales","Lachnospiraceae","Anaerobutyricum"
"Otu0179","Otu0179",5908,"Firmicutes","Firmicutes_unclassified","Firmicutes_unclassified","Firmicutes_unclassified","Firmicutes_unclassified"
"Otu0180","Otu0180",5802,"Firmicutes","Bacilli","Lactobacillales","Lactobacillaceae","Lactobacillus"
"Otu0181","Otu0181",5724,"Bacteroidetes","Bacteroidia","Bacteroidales","Bacteroidales_unclassified","Bacteroidales_unclassified"
"Otu0182","Otu0182",5686,"Firmicutes","Clostridia","Clostridiales","Ruminococcaceae","Flintibacter"
"Otu0183","Otu0183",5619,"Firmicutes","Clostridia","Clostridiales","Ruminococcaceae","Clostridium_IV"
"Otu0184","Otu0184",5601,"Firmicutes","Clostridia","Clostridiales","Ruminococcaceae","Ruminococcaceae_unclassified"
"Otu0185","Otu0185",5581,"Firmicutes","Clostridia","Clostridiales","Lachnospiraceae","Lachnospiraceae_unclassified"
"Otu0186","Otu0186",5560,"Firmicutes","Clostridia","Clostridiales","Ruminococcaceae","Pseudoflavonifractor"
"Otu0187","Otu0187",5555,"Firmicutes","Clostridia","Clostridiales","Lachnospiraceae","Anaerostipes"
"Otu0188","Otu0188",5502,"Firmicutes","Clostridia","Clostridiales","Ruminococcaceae","Neglecta"
"Otu0189","Otu0189",5491,"Firmicutes","Clostridia","Clostridiales","Ruminococcaceae","Ruminococcaceae_unclassified"
"Otu0190","Otu0190",5472,"Firmicutes","Clostridia","Clostridiales","Lachnospiraceae","Blautia"
"Otu0191","Otu0191",5447,"Bacteroidetes","Bacteroidia","Bacteroidales","Odoribacteraceae","Odoribacter"
"Otu0192","Otu0192",5287,"Firmicutes","Erysipelotrichia","Erysipelotrichales","Erysipelotrichaceae","Clostridium_XVIII"
"Otu0193","Otu0193",5255,"Firmicutes","Clostridia","Clostridiales","Lachnospiraceae","Blautia"
"Otu0194","Otu0194",5232,"Firmicutes","Clostridia","Clostridiales","Peptoniphilaceae","Anaerococcus"
"Otu0195","Otu0195",5228,"Firmicutes","Clostridia","Clostridiales","Ruminococcaceae","Ruminococcaceae_unclassified"
"Otu0196","Otu0196",5221,"Bacteroidetes","Bacteroidia","Bacteroidales","Prevotellaceae","Prevotella"
"Otu0197","Otu0197",5113,"Bacteroidetes","Bacteroidia","Bacteroidales","Bacteroidaceae","Bacteroides"
"Otu0198","Otu0198",5079,"Actinobacteria","Actinobacteria","Actinomycetales","Actinomycetaceae","Winkia"
"Otu0199","Otu0199",4994,"Firmicutes","Clostridia","Clostridiales","Ruminococcaceae","Ruminococcaceae_unclassified"
"Otu0200","Otu0200",4970,"Bacteroidetes","Bacteroidia","Bacteroidales","Odoribacteraceae","Butyricimonas"
"Otu0201","Otu0201",4942,"Proteobacteria","Gammaproteobacteria","Pseudomonadales","Pseudomonadaceae","Pseudomonas"
"Otu0202","Otu0202",4927,"Actinobacteria","Actinobacteria","Mycobacteriales","Corynebacteriaceae","Corynebacterium"
"Otu0203","Otu0203",4920,"Firmicutes","Clostridia","Clostridiales","Ruminococcaceae","Ruminococcaceae_unclassified"
"Otu0204","Otu0204",4850,"Firmicutes","Bacilli","Lactobacillales","Streptococcaceae","Streptococcus"
"Otu0205","Otu0205",4837,"Firmicutes","Clostridia","Clostridiales","Ruminococcaceae","Ruminococcus"
"Otu0206","Otu0206",4780,"Firmicutes","Negativicutes","Acidaminococcales","Acidaminococcaceae","Succiniclasticum"
"Otu0207","Otu0207",4759,"Firmicutes","Clostridia","Clostridiales","Lachnospiraceae","Robinsoniella"
"Otu0208","Otu0208",4758,"Actinobacteria","Actinobacteria","Micrococcales","Micrococcaceae","Rothia"
"Otu0209","Otu0209",4699,"Actinobacteria","Actinobacteria","Mycobacteriales","Corynebacteriaceae","Corynebacterium"
"Otu0210","Otu0210",4667,"Synergistetes","Synergistia","Synergistales","Synergistaceae","Jonquetella"
"Otu0211","Otu0211",4583,"Firmicutes","Clostridia","Clostridiales","Clostridiales_unclassified","Clostridiales_unclassified"
"Otu0212","Otu0212",4553,"Bacteroidetes","Bacteroidia","Bacteroidales","Rikenellaceae","Alistipes"
"Otu0213","Otu0213",4506,"Actinobacteria","Actinobacteria","Actinomycetales","Actinomycetaceae","Schaalia"
"Otu0214","Otu0214",4460,"Firmicutes","Negativicutes","Veillonellales","Veillonellaceae","Dialister"
"Otu0215","Otu0215",4450,"Firmicutes","Clostridia","Clostridiales","Lachnospiraceae","Faecalimonas"
"Otu0216","Otu0216",4426,"Firmicutes","Clostridia","Clostridiales","Ruminococcaceae","Ruminococcaceae_unclassified"
"Otu0217","Otu0217",4401,"Firmicutes","Clostridia","Clostridiales","Lachnospiraceae","Enterocloster"
"Otu0218","Otu0218",4335,"Firmicutes","Clostridia","Clostridiales","Ruminococcaceae","Ruminococcaceae_unclassified"
"Otu0219","Otu0219",4331,"Firmicutes","Clostridia","Clostridiales","Peptococcaceae_1","Peptococcus"
"Otu0220","Otu0220",4327,"Firmicutes","Clostridia","Clostridiales","Lachnospiraceae","Mediterraneibacter"
"Otu0221","Otu0221",4325,"Firmicutes","Clostridia","Clostridiales","Peptoniphilaceae","Peptoniphilaceae_unclassified"
"Otu0222","Otu0222",4303,"Firmicutes","Clostridia","Clostridiales","Ruminococcaceae","Ruminococcaceae_unclassified"
"Otu0223","Otu0223",4286,"Bacteroidetes","Bacteroidia","Bacteroidales","Barnesiellaceae","Barnesiella"
"Otu0224","Otu0224",4271,"Firmicutes","Clostridia","Clostridiales","Ruminococcaceae","Ruminococcus"
"Otu0225","Otu0225",4215,"Firmicutes","Clostridia","Clostridiales","Clostridiales_unclassified","Clostridiales_unclassified"
"Otu0226","Otu0226",4131,"Firmicutes","Erysipelotrichia","Erysipelotrichales","Erysipelotrichaceae","Faecalibacillus"
"Otu0227","Otu0227",4050,"Firmicutes","Clostridia","Clostridiales","Tissierellaceae","Sporanaerobacter"
"Otu0228","Otu0228",3988,"Firmicutes","Clostridia","Clostridiales","Peptoniphilaceae","Anaerococcus"
"Otu0229","Otu0229",3938,"Verrucomicrobia","Verrucomicrobiae","Verrucomicrobiales","Akkermansiaceae","Akkermansia"
"Otu0230","Otu0230",3906,"Fusobacteria","Fusobacteriia","Fusobacteriales","Fusobacteriaceae","Fusobacteriaceae_unclassified"
"Otu0231","Otu0231",3883,"Firmicutes","Clostridia","Clostridiales","Eubacteriaceae","Eubacterium"
"Otu0232","Otu0232",3870,"Actinobacteria","Actinobacteria","Actinomycetales","Actinomycetaceae","Gleimia"
"Otu0233","Otu0233",3827,"Firmicutes","Clostridia","Clostridiales","Ruminococcaceae","Anaerotruncus"
"Otu0234","Otu0234",3808,"Firmicutes","Clostridia","Clostridiales","Lachnospiraceae","Lachnospiraceae_unclassified"
"Otu0235","Otu0235",3807,"Actinobacteria","Actinobacteria","Mycobacteriales","Corynebacteriaceae","Corynebacterium"
"Otu0236","Otu0236",3736,"Firmicutes","Bacilli","Lactobacillales","Aerococcaceae","Facklamia"
"Otu0237","Otu0237",3704,"Bacteroidetes","Bacteroidia","Bacteroidales","Bacteroidaceae","Bacteroides"
"Otu0238","Otu0238",3686,"Firmicutes","Erysipelotrichia","Erysipelotrichales","Erysipelotrichaceae","Erysipelotrichaceae_unclassified"
"Otu0239","Otu0239",3685,"Proteobacteria","Deltaproteobacteria","Desulfovibrionales","Desulfovibrionaceae","Desulfovibrio"
"Otu0240","Otu0240",3641,"Proteobacteria","Betaproteobacteria","Burkholderiales","Sutterellaceae","Sutterella"
"Otu0241","Otu0241",3604,"Actinobacteria","Coriobacteriia","Coriobacteriales","Atopobiaceae","Lancefieldella"
"Otu0242","Otu0242",3566,"Firmicutes","Clostridia","Clostridiales","Lachnospiraceae","Merdimonas"
"Otu0243","Otu0243",3551,"Firmicutes","Clostridia","Clostridiales","Ruminococcaceae","Intestinimonas"
"Otu0244","Otu0244",3540,"Synergistetes","Synergistia","Synergistales","Synergistaceae","Rarimicrobium"
"Otu0245","Otu0245",3521,"Firmicutes","Clostridia","Clostridiales","Peptoniphilaceae","Kallipyga"
"Otu0246","Otu0246",3490,"Actinobacteria","Actinobacteria","Micrococcales","Brevibacteriaceae","Brevibacterium"
"Otu0247","Otu0247",3467,"Firmicutes","Bacilli","Bacillales","Bacillales_Incertae_Sedis_XI","Gemella"
"Otu0248","Otu0248",3395,"Firmicutes","Clostridia","Clostridiales","Peptostreptococcaceae","Romboutsia"
"Otu0249","Otu0249",3360,"Firmicutes","Clostridia","Clostridiales","Clostridiales_unclassified","Clostridiales_unclassified"
"Otu0250","Otu0250",3317,"Firmicutes","Clostridia","Clostridiales","Peptoniphilaceae","Peptoniphilaceae_unclassified"
"Otu0251","Otu0251",3308,"Firmicutes","Clostridia","Clostridiales","Ruminococcaceae","Ruminococcaceae_unclassified"
"Otu0252","Otu0252",3302,"Firmicutes","Clostridia","Clostridiales","Lachnospiraceae","Roseburia"
"Otu0253","Otu0253",3185,"Actinobacteria","Actinobacteria","Micrococcales","Brevibacteriaceae","Brevibacterium"
"Otu0254","Otu0254",3177,"Firmicutes","Clostridia","Clostridiales","Lachnospiraceae","Frisingicoccus"
"Otu0255","Otu0255",3168,"Firmicutes","Clostridia","Clostridiales","Peptoniphilaceae","Peptoniphilus"
"Otu0256","Otu0256",3137,"Firmicutes","Clostridia","Clostridiales","Lachnospiraceae","Lachnospiraceae_unclassified"
"Otu0257","Otu0257",3130,"Bacteroidetes","Bacteroidia","Bacteroidales","Muribaculaceae","Muribaculaceae_unclassified"
"Otu0258","Otu0258",3097,"Firmicutes","Clostridia","Clostridiales","Lachnospiraceae","Moryella"
"Otu0259","Otu0259",3095,"Firmicutes","Negativicutes","Negativicutes_unclassified","Negativicutes_unclassified","Negativicutes_unclassified"
"Otu0260","Otu0260",3060,"Firmicutes","Clostridia","Clostridiales","Ruminococcaceae","Ruminococcaceae_unclassified"
"Otu0261","Otu0261",3052,"Firmicutes","Negativicutes","Veillonellales","Veillonellaceae","Dialister"
"Otu0262","Otu0262",3034,"Firmicutes","Clostridia","Clostridiales","Lachnospiraceae","Lachnospiraceae_unclassified"
"Otu0263","Otu0263",3025,"Firmicutes","Clostridia","Clostridiales","Lachnospiraceae","Lachnospiraceae_unclassified"
"Otu0264","Otu0264",3003,"Firmicutes","Erysipelotrichia","Erysipelotrichales","Erysipelotrichaceae","Solobacterium"
"Otu0265","Otu0265",2947,"Firmicutes","Erysipelotrichia","Erysipelotrichales","Erysipelotrichaceae","Coprobacillus"
"Otu0266","Otu0266",2946,"Actinobacteria","Actinobacteria","Mycobacteriales","Corynebacteriaceae","Corynebacterium"
"Otu0267","Otu0267",2914,"Firmicutes","Clostridia","Clostridiales","Clostridiaceae_1","Clostridium_sensu_stricto"
"Otu0268","Otu0268",2899,"Firmicutes","Clostridia","Clostridiales","Lachnospiraceae","Lachnospiraceae_unclassified"
"Otu0269","Otu0269",2897,"Firmicutes","Clostridia","Clostridiales","Peptoniphilaceae","Murdochiella"
"Otu0270","Otu0270",2884,"Firmicutes","Clostridia","Clostridiales","Lachnospiraceae","Lachnospiraceae_unclassified"
"Otu0271","Otu0271",2875,"Firmicutes","Clostridia","Clostridiales","Ruminococcaceae","Faecalibacterium"
"Otu0272","Otu0272",2874,"Firmicutes","Clostridia","Clostridiales","Ruminococcaceae","Neglecta"
"Otu0273","Otu0273",2864,"Bacteroidetes","Bacteroidia","Bacteroidales","Bacteroidales_unclassified","Bacteroidales_unclassified"
"Otu0274","Otu0274",2833,"Firmicutes","Clostridia","Clostridiales","Clostridiales_Incertae_Sedis_XIII","Clostridiales_Incertae_Sedis_XIII_unclassified"
"Otu0275","Otu0275",2820,"Actinobacteria","Actinobacteria","Actinomycetales","Actinomycetaceae","Trueperella"
"Otu0276","Otu0276",2804,"Proteobacteria","Betaproteobacteria","Burkholderiales","Sutterellaceae","Sutterellaceae_unclassified"
"Otu0277","Otu0277",2769,"Firmicutes","Clostridia","Clostridiales","Lachnospiraceae","Lachnospiraceae_unclassified"
"Otu0278","Otu0278",2752,"Firmicutes","Clostridia","Clostridiales","Lachnospiraceae","Lachnospiraceae_unclassified"
"Otu0279","Otu0279",2733,"Firmicutes","Clostridia","Clostridiales","Lachnospiraceae","Lachnospiraceae_unclassified"
"Otu0280","Otu0280",2666,"Actinobacteria","Actinobacteria","Actinomycetales","Actinomycetaceae","Schaalia"
"Otu0281","Otu0281",2659,"Firmicutes","Clostridia","Clostridiales","Peptostreptococcaceae","Terrisporobacter"
"Otu0282","Otu0282",2640,"Firmicutes","Clostridia","Clostridiales","Lachnospiraceae","Lachnospiraceae_unclassified"
"Otu0283","Otu0283",2630,"Bacteria_unclassified","Bacteria_unclassified","Bacteria_unclassified","Bacteria_unclassified","Bacteria_unclassified"
"Otu0284","Otu0284",2575,"Firmicutes","Clostridia","Clostridiales","Ruminococcaceae","Dysosmobacter"
"Otu0285","Otu0285",2571,"Firmicutes","Negativicutes","Acidaminococcales","Acidaminococcaceae","Acidaminococcaceae_unclassified"
"Otu0286","Otu0286",2523,"Firmicutes","Bacilli","Lactobacillales","Aerococcaceae","Facklamia"
"Otu0287","Otu0287",2519,"Firmicutes","Negativicutes","Veillonellales","Veillonellaceae","Dialister"
"Otu0288","Otu0288",2513,"Firmicutes","Clostridia","Clostridiales","Ruminococcaceae","Ruminococcaceae_unclassified"
"Otu0289","Otu0289",2507,"Firmicutes","Clostridia","Clostridiales","Ruminococcaceae","Lawsonibacter"
"Otu0290","Otu0290",2487,"Proteobacteria","Betaproteobacteria","Burkholderiales","Comamonadaceae","Pelomonas"
"Otu0291","Otu0291",2482,"Actinobacteria","Actinobacteria","Bifidobacteriales","Bifidobacteriaceae","Alloscardovia"
"Otu0292","Otu0292",2480,"Firmicutes","Erysipelotrichia","Erysipelotrichales","Erysipelotrichaceae","Massilimicrobiota"
"Otu0293","Otu0293",2469,"Bacteroidetes","Bacteroidia","Bacteroidales","Prevotellaceae","Paraprevotella"
"Otu0294","Otu0294",2465,"Firmicutes","Clostridia","Clostridiales","Ruminococcaceae","Ruminococcaceae_unclassified"
"Otu0295","Otu0295",2430,"Firmicutes","Clostridia","Clostridiales","Lachnospiraceae","Lachnospira"
"Otu0296","Otu0296",2406,"Actinobacteria","Coriobacteriia","Coriobacteriales","Coriobacteriaceae","Collinsella"
"Otu0297","Otu0297",2403,"Firmicutes","Clostridia","Clostridiales","Peptoniphilaceae","Peptoniphilus"
"Otu0298","Otu0298",2394,"Actinobacteria","Actinobacteria","Micrococcales","Micrococcaceae","Micrococcaceae_unclassified"
"Otu0299","Otu0299",2367,"Firmicutes","Clostridia","Clostridiales","Ruminococcaceae","Ruminococcaceae_unclassified"
"Otu0300","Otu0300",2364,"Firmicutes","Clostridia","Clostridiales","Lachnospiraceae","Lachnospiraceae_unclassified"
"Otu0301","Otu0301",2359,"Firmicutes","Clostridia","Clostridiales","Ruminococcaceae","Ruminococcaceae_unclassified"
"Otu0302","Otu0302",2329,"Firmicutes","Clostridia","Clostridiales","Eubacteriaceae","Eubacterium"
"Otu0303","Otu0303",2320,"Firmicutes","Clostridia","Clostridiales","Clostridiaceae_1","Clostridium_sensu_stricto"
"Otu0304","Otu0304",2284,"Bacteroidetes","Bacteroidia","Bacteroidales","Rikenellaceae","Alistipes"
"Otu0305","Otu0305",2253,"Firmicutes","Bacilli","Lactobacillales","Lactobacillales_unclassified","Lactobacillales_unclassified"
"Otu0306","Otu0306",2249,"Firmicutes","Clostridia","Clostridiales","Ruminococcaceae","Ruminococcus"
"Otu0307","Otu0307",2226,"Firmicutes","Clostridia","Clostridiales","Ruminococcaceae","Anaeromassilibacillus"
"Otu0308","Otu0308",2224,"Firmicutes","Clostridia","Clostridiales","Lachnospiraceae","Faecalicatena"
"Otu0309","Otu0309",2221,"Firmicutes","Clostridia","Clostridiales","Ruminococcaceae","Faecalibacterium"
"Otu0310","Otu0310",2205,"Bacteroidetes","Bacteroidia","Bacteroidales","Rikenellaceae","Alistipes"
"Otu0311","Otu0311",2195,"Firmicutes","Clostridia","Clostridiales","Ruminococcaceae","Ruminococcaceae_unclassified"
"Otu0312","Otu0312",2187,"Firmicutes","Firmicutes_unclassified","Firmicutes_unclassified","Firmicutes_unclassified","Firmicutes_unclassified"
"Otu0313","Otu0313",2166,"Firmicutes","Clostridia","Clostridiales","Ruminococcaceae","Ruminococcaceae_unclassified"
"Otu0314","Otu0314",2164,"Firmicutes","Clostridia","Clostridiales","Clostridiales_unclassified","Clostridiales_unclassified"
"Otu0315","Otu0315",2147,"Actinobacteria","Actinobacteria","Bifidobacteriales","Bifidobacteriaceae","Bifidobacterium"
"Otu0316","Otu0316",2141,"Proteobacteria","Gammaproteobacteria","Pseudomonadales","Pseudomonadaceae","Pseudomonas"
"Otu0317","Otu0317",2137,"Firmicutes","Clostridia","Clostridiales","Lachnospiraceae","Lacrimispora"
"Otu0318","Otu0318",2131,"Firmicutes","Firmicutes_unclassified","Firmicutes_unclassified","Firmicutes_unclassified","Firmicutes_unclassified"
"Otu0319","Otu0319",2107,"candidate_division_WPS-1","candidate_division_WPS-1_unclassified","candidate_division_WPS-1_unclassified","candidate_division_WPS-1_unclassified","candidate_division_WPS-1_unclassified"
"Otu0320","Otu0320",2091,"Bacteroidetes","Bacteroidia","Bacteroidales","Prevotellaceae","Prevotella"
"Otu0321","Otu0321",2080,"Firmicutes","Clostridia","Clostridiales","Ruminococcaceae","Clostridium_IV"
"Otu0322","Otu0322",2078,"Firmicutes","Clostridia","Clostridiales","Lachnospiraceae","Dorea"
"Otu0323","Otu0323",2077,"Actinobacteria","Actinobacteria","Micrococcales","Microbacteriaceae","Microbacteriaceae_unclassified"
"Otu0324","Otu0324",2066,"Firmicutes","Clostridia","Clostridiales","Lachnospiraceae","Lachnospiraceae_unclassified"
"Otu0325","Otu0325",2064,"Actinobacteria","Actinobacteria","Mycobacteriales","Corynebacteriaceae","Corynebacterium"
"Otu0326","Otu0326",2053,"Campilobacterota","Campylobacteria","Campylobacterales","Arcobacteraceae","Aliarcobacter"
"Otu0327","Otu0327",2051,"Actinobacteria","Actinobacteria","Micrococcales","Micrococcaceae","Kocuria"
"Otu0328","Otu0328",2018,"Firmicutes","Clostridia","Clostridiales","Ruminococcaceae","Ruminococcaceae_unclassified"
"Otu0329","Otu0329",1998,"Proteobacteria","Gammaproteobacteria","Chromatiales","Chromatiaceae","Rheinheimera"
"Otu0330","Otu0330",1997,"Firmicutes","Clostridia","Clostridiales","Lachnospiraceae","Lachnospiraceae_unclassified"
"Otu0331","Otu0331",1984,"Firmicutes","Erysipelotrichia","Erysipelotrichales","Erysipelotrichaceae","Faecalibaculum"
"Otu0332","Otu0332",1968,"Firmicutes","Erysipelotrichia","Erysipelotrichales","Erysipelotrichales_unclassified","Erysipelotrichales_unclassified"
"Otu0333","Otu0333",1959,"Proteobacteria","Gammaproteobacteria","Enterobacterales","Enterobacterales_unclassified","Enterobacterales_unclassified"
"Otu0334","Otu0334",1942,"Firmicutes","Clostridia","Clostridiales","Clostridiales_unclassified","Clostridiales_unclassified"
"Otu0335","Otu0335",1925,"Firmicutes","Clostridia","Clostridiales","Lachnospiraceae","Lachnospiraceae_unclassified"
"Otu0336","Otu0336",1911,"Firmicutes","Clostridia","Clostridiales","Peptoniphilaceae","Anaerococcus"
"Otu0337","Otu0337",1909,"Firmicutes","Clostridia","Clostridiales","Lachnospiraceae","Lachnospiraceae_unclassified"
"Otu0338","Otu0338",1894,"Firmicutes","Clostridia","Clostridiales","Lachnospiraceae","Blautia"
"Otu0339","Otu0339",1878,"Firmicutes","Negativicutes","Veillonellales","Veillonellaceae","Megasphaera"
"Otu0340","Otu0340",1854,"Firmicutes","Clostridia","Clostridiales","Lachnospiraceae","Lachnospiraceae_unclassified"
"Otu0341","Otu0341",1852,"Bacteroidetes","Bacteroidia","Bacteroidales","Muribaculaceae","Muribaculaceae_unclassified"
"Otu0342","Otu0342",1832,"Firmicutes","Clostridia","Clostridiales","Clostridiales_unclassified","Clostridiales_unclassified"
"Otu0343","Otu0343",1830,"Firmicutes","Clostridia","Clostridiales","Lachnospiraceae","Anaerostipes"
"Otu0344","Otu0344",1823,"Firmicutes","Clostridia","Clostridiales","Ruminococcaceae","Ruminococcaceae_unclassified"
"Otu0345","Otu0345",1806,"Firmicutes","Clostridia","Clostridiales","Peptoniphilaceae","Parvimonas"
"Otu0346","Otu0346",1793,"Firmicutes","Clostridia","Clostridiales","Lachnospiraceae","Blautia"
"Otu0347","Otu0347",1766,"Firmicutes","Clostridia","Clostridiales","Lachnospiraceae","Mediterraneibacter"
"Otu0348","Otu0348",1750,"Firmicutes","Clostridia","Clostridiales","Lachnospiraceae","Lachnospiraceae_unclassified"
"Otu0349","Otu0349",1748,"Firmicutes","Negativicutes","Veillonellales","Veillonellaceae","Veillonella"
"Otu0350","Otu0350",1747,"Firmicutes","Clostridia","Clostridiales","Ruminococcaceae","Ruminococcaceae_unclassified"
"Otu0351","Otu0351",1721,"Firmicutes","Clostridia","Clostridiales","Ruminococcaceae","Ruminococcaceae_unclassified"
"Otu0352","Otu0352",1719,"Bacteroidetes","Bacteroidia","Bacteroidales","Bacteroidaceae","Phocaeicola"
"Otu0353","Otu0353",1718,"Bacteroidetes","Bacteroidia","Bacteroidales","Bacteroidaceae","Bacteroides"
"Otu0354","Otu0354",1701,"Firmicutes","Clostridia","Clostridiales","Lachnospiraceae","Anaerobutyricum"
"Otu0355","Otu0355",1678,"Firmicutes","Erysipelotrichia","Erysipelotrichales","Erysipelotrichaceae","Dielma"
"Otu0356","Otu0356",1675,"Bacteroidetes","Bacteroidia","Bacteroidales","Rikenellaceae","Alistipes"
"Otu0357","Otu0357",1662,"Actinobacteria","Coriobacteriia","Eggerthellales","Eggerthellaceae","Adlercreutzia"
"Otu0358","Otu0358",1658,"Bacteroidetes","Bacteroidia","Bacteroidales","Bacteroidales_unclassified","Bacteroidales_unclassified"
"Otu0359","Otu0359",1631,"Firmicutes","Firmicutes_unclassified","Firmicutes_unclassified","Firmicutes_unclassified","Firmicutes_unclassified"
"Otu0360","Otu0360",1621,"Actinobacteria","Coriobacteriia","Coriobacteriales","Atopobiaceae","Fannyhessea"
"Otu0361","Otu0361",1595,"Firmicutes","Clostridia","Clostridiales","Ruminococcaceae","Ruminococcaceae_unclassified"
"Otu0362","Otu0362",1590,"Firmicutes","Clostridia","Clostridiales","Peptoniphilaceae","Parvimonas"
"Otu0363","Otu0363",1582,"Synergistetes","Synergistia","Synergistales","Synergistaceae","Pyramidobacter"
"Otu0364","Otu0364",1574,"Firmicutes","Clostridia","Clostridiales","Clostridiales_unclassified","Clostridiales_unclassified"
"Otu0365","Otu0365",1564,"Firmicutes","Clostridia","Clostridiales","Lachnospiraceae","Anaerostipes"
"Otu0366","Otu0366",1560,"Bacteroidetes","Bacteroidia","Bacteroidales","Bacteroidaceae","Bacteroides"
"Otu0367","Otu0367",1518,"Firmicutes","Clostridia","Clostridiales","Ruminococcaceae","Fastidiosipila"
"Otu0368","Otu0368",1497,"Bacteria_unclassified","Bacteria_unclassified","Bacteria_unclassified","Bacteria_unclassified","Bacteria_unclassified"
"Otu0369","Otu0369",1497,"Actinobacteria","Actinobacteria","Mycobacteriales","Corynebacteriaceae","Corynebacterium"
"Otu0370","Otu0370",1461,"Firmicutes","Bacilli","Lactobacillales","Aerococcaceae","Facklamia"
"Otu0371","Otu0371",1449,"Actinobacteria","Thermoleophilia","Solirubrobacterales","Solirubrobacteraceae","Solirubrobacter"
"Otu0372","Otu0372",1427,"Firmicutes","Clostridia","Clostridiales","Lachnospiraceae","Lachnospiraceae_unclassified"
"Otu0373","Otu0373",1425,"Firmicutes","Clostridia","Clostridiales","Clostridiales_unclassified","Clostridiales_unclassified"
"Otu0374","Otu0374",1423,"Bacteroidetes","Bacteroidia","Bacteroidales","Prevotellaceae","Paraprevotella"
"Otu0375","Otu0375",1420,"Firmicutes","Clostridia","Clostridiales","Lachnospiraceae","Lachnospiraceae_unclassified"
"Otu0376","Otu0376",1414,"Campilobacterota","Campylobacteria","Campylobacterales","Campylobacteraceae","Campylobacter"
"Otu0377","Otu0377",1412,"Firmicutes","Negativicutes","Veillonellales","Veillonellaceae","Megasphaera"
"Otu0378","Otu0378",1403,"Firmicutes","Clostridia","Clostridiales","Peptoniphilaceae","Peptoniphilus"
"Otu0379","Otu0379",1397,"Proteobacteria","Gammaproteobacteria","Enterobacterales","Enterobacterales_unclassified","Enterobacterales_unclassified"
"Otu0380","Otu0380",1392,"Firmicutes","Clostridia","Clostridiales","Ruminococcaceae","Intestinimonas"
"Otu0381","Otu0381",1385,"Firmicutes","Erysipelotrichia","Erysipelotrichales","Erysipelotrichaceae","Erysipelotrichaceae_unclassified"
"Otu0382","Otu0382",1384,"Bacteroidetes","Flavobacteriia","Flavobacteriales","Weeksellaceae","Cloacibacterium"
"Otu0383","Otu0383",1379,"Firmicutes","Clostridia","Clostridiales","Lachnospiraceae","Lachnospiraceae_unclassified"
"Otu0384","Otu0384",1374,"Firmicutes","Clostridia","Clostridiales","Lachnospiraceae","Lachnospiraceae_unclassified"
"Otu0385","Otu0385",1365,"Bacteroidetes","Bacteroidia","Bacteroidales","Porphyromonadaceae","Porphyromonas"
"Otu0386","Otu0386",1351,"Firmicutes","Erysipelotrichia","Erysipelotrichales","Erysipelotrichaceae","Holdemanella"
"Otu0387","Otu0387",1338,"Bacteroidetes","Bacteroidia","Bacteroidales","Odoribacteraceae","Butyricimonas"
"Otu0388","Otu0388",1316,"Firmicutes","Clostridia","Clostridiales","Clostridiales_Incertae_Sedis_XIII","Ihubacter"
"Otu0389","Otu0389",1312,"Proteobacteria","Betaproteobacteria","Burkholderiales","Burkholderiales_unclassified","Burkholderiales_unclassified"
"Otu0390","Otu0390",1300,"Firmicutes","Clostridia","Clostridiales","Lachnospiraceae","Lachnospiraceae_unclassified"
"Otu0391","Otu0391",1297,"Firmicutes","Clostridia","Clostridiales","Lachnospiraceae","Mediterraneibacter"
"Otu0392","Otu0392",1281,"Firmicutes","Negativicutes","Veillonellales","Veillonellaceae","Dialister"
"Otu0393","Otu0393",1280,"Firmicutes","Clostridia","Clostridiales","Ruminococcaceae","Intestinimonas"
"Otu0394","Otu0394",1275,"Firmicutes","Clostridia","Clostridiales","Peptoniphilaceae","Murdochiella"
"Otu0395","Otu0395",1263,"Firmicutes","Clostridia","Clostridiales","Lachnospiraceae","Lachnospiraceae_unclassified"
"Otu0396","Otu0396",1237,"Actinobacteria","Coriobacteriia","Coriobacteriales","Atopobiaceae","Olsenella"
"Otu0397","Otu0397",1227,"Firmicutes","Firmicutes_unclassified","Firmicutes_unclassified","Firmicutes_unclassified","Firmicutes_unclassified"
"Otu0398","Otu0398",1226,"Firmicutes","Clostridia","Clostridiales","Ruminococcaceae","Ruminococcaceae_unclassified"
"Otu0399","Otu0399",1225,"Firmicutes","Clostridia","Clostridiales","Ruminococcaceae","Ruminococcaceae_unclassified"
"Otu0400","Otu0400",1222,"Firmicutes","Clostridia","Clostridiales","Lachnospiraceae","Extibacter"
"Otu0401","Otu0401",1198,"Firmicutes","Negativicutes","Veillonellales","Veillonellaceae","Allisonella"
"Otu0402","Otu0402",1194,"Bacteroidetes","Bacteroidia","Bacteroidales","Bacteroidaceae","Phocaeicola"
"Otu0403","Otu0403",1190,"Firmicutes","Clostridia","Clostridiales","Lachnospiraceae","Lachnospiraceae_unclassified"
"Otu0404","Otu0404",1184,"Actinobacteria","Actinobacteria","Mycobacteriales","Corynebacteriaceae","Corynebacterium"
"Otu0405","Otu0405",1181,"Firmicutes","Clostridia","Clostridiales","Ruminococcaceae","Ruminococcaceae_unclassified"
"Otu0406","Otu0406",1177,"Actinobacteria","Actinobacteria","Actinomycetales","Actinomycetaceae","Actinotignum"
"Otu0407","Otu0407",1176,"Actinobacteria","Actinobacteria","Actinomycetales","Actinomycetaceae","Actinomyces"
"Otu0408","Otu0408",1175,"Firmicutes","Clostridia","Clostridiales","Peptoniphilaceae","Finegoldia"
"Otu0409","Otu0409",1172,"Proteobacteria","Deltaproteobacteria","Desulfovibrionales","Desulfovibrionaceae","Bilophila"
"Otu0410","Otu0410",1146,"Firmicutes","Erysipelotrichia","Erysipelotrichales","Erysipelotrichaceae","Erysipelotrichaceae_unclassified"
"Otu0411","Otu0411",1139,"Actinobacteria","Actinobacteria","Micrococcales","Dermabacteraceae","Dermabacter"
"Otu0412","Otu0412",1134,"Firmicutes","Clostridia","Clostridiales","Peptoniphilaceae","Fenollaria"
"Otu0413","Otu0413",1126,"Firmicutes","Clostridia","Clostridiales","Lachnospiraceae","Cellulosilyticum"
"Otu0414","Otu0414",1113,"Fusobacteria","Fusobacteriia","Fusobacteriales","Fusobacteriaceae","Fusobacterium"
"Otu0415","Otu0415",1105,"Firmicutes","Clostridia","Clostridiales","Ruminococcaceae","Intestinimonas"
"Otu0416","Otu0416",1104,"Bacteroidetes","Bacteroidia","Bacteroidales","Bacteroidaceae","Bacteroides"
"Otu0417","Otu0417",1098,"Actinobacteria","Actinobacteria","Propionibacteriales","Nocardioidaceae","Marmoricola"
"Otu0418","Otu0418",1095,"Bacteroidetes","Bacteroidia","Bacteroidales","Muribaculaceae","Muribaculaceae_unclassified"
"Otu0419","Otu0419",1089,"Firmicutes","Negativicutes","Selenomonadales","Selenomonadales_unclassified","Selenomonadales_unclassified"
"Otu0420","Otu0420",1088,"Firmicutes","Clostridia","Clostridiales","Ruminococcaceae","Ruminococcaceae_unclassified"
"Otu0421","Otu0421",1086,"Actinobacteria","Coriobacteriia","Coriobacteriales","Atopobiaceae","Atopobium"
"Otu0422","Otu0422",1079,"Firmicutes","Clostridia","Clostridiales","Ruminococcaceae","Ruminococcaceae_unclassified"
"Otu0423","Otu0423",1074,"Firmicutes","Clostridia","Clostridiales","Peptostreptococcaceae","Criibacterium"
"Otu0424","Otu0424",1073,"Proteobacteria","Betaproteobacteria","Neisseriales","Neisseriaceae","Neisseriaceae_unclassified"
"Otu0425","Otu0425",1071,"Actinobacteria","Coriobacteriia","Eggerthellales","Eggerthellaceae","Slackia"
"Otu0426","Otu0426",1067,"Bacteroidetes","Bacteroidia","Bacteroidales","Rikenellaceae","Alistipes"
"Otu0427","Otu0427",1049,"Firmicutes","Clostridia","Clostridiales","Lachnospiraceae","Lachnospiraceae_unclassified"
"Otu0428","Otu0428",1049,"Bacteroidetes","Bacteroidia","Bacteroidales","Bacteroidaceae","Phocaeicola"
"Otu0429","Otu0429",1047,"Firmicutes","Clostridia","Clostridiales","Lachnospiraceae","Anaerotignum"
"Otu0430","Otu0430",1046,"Proteobacteria","Gammaproteobacteria","Pseudomonadales","Moraxellaceae","Enhydrobacter"
"Otu0431","Otu0431",1045,"Proteobacteria","Deltaproteobacteria","Desulfovibrionales","Desulfovibrionaceae","Desulfovibrio"
"Otu0432","Otu0432",1034,"Firmicutes","Clostridia","Clostridiales","Ruminococcaceae","Ruminococcaceae_unclassified"
"Otu0433","Otu0433",1033,"Firmicutes","Clostridia","Clostridiales","Ruminococcaceae","Ruminococcaceae_unclassified"
"Otu0434","Otu0434",1005,"Bacteria_unclassified","Bacteria_unclassified","Bacteria_unclassified","Bacteria_unclassified","Bacteria_unclassified"
"Otu0435","Otu0435",997,"Firmicutes","Clostridia","Clostridiales","Ruminococcaceae","Ruminococcaceae_unclassified"
"Otu0436","Otu0436",988,"Firmicutes","Clostridia","Clostridiales","Lachnospiraceae","Lachnospiraceae_unclassified"
"Otu0437","Otu0437",983,"Firmicutes","Clostridia","Clostridiales","Lachnospiraceae","Lachnospiraceae_unclassified"
"Otu0438","Otu0438",976,"Proteobacteria","Gammaproteobacteria","Enterobacterales","Enterobacteriaceae","Enterobacteriaceae_unclassified"
"Otu0439","Otu0439",974,"Firmicutes","Erysipelotrichia","Erysipelotrichales","Erysipelotrichaceae","Holdemania"
"Otu0440","Otu0440",964,"Firmicutes","Clostridia","Clostridiales","Clostridiales_unclassified","Clostridiales_unclassified"
"Otu0441","Otu0441",963,"Firmicutes","Erysipelotrichia","Erysipelotrichales","Erysipelotrichaceae","Turicibacter"
"Otu0442","Otu0442",962,"Bacteroidetes","Chitinophagia","Chitinophagales","Chitinophagaceae","Terrimonas"
"Otu0443","Otu0443",960,"Proteobacteria","Betaproteobacteria","Burkholderiales","Burkholderiaceae","Ralstonia"
"Otu0444","Otu0444",934,"Firmicutes","Bacilli","Lactobacillales","Lactobacillaceae","Weissella"
"Otu0445","Otu0445",926,"Actinobacteria","Actinobacteria","Micrococcales","Brevibacteriaceae","Brevibacterium"
"Otu0446","Otu0446",924,"Firmicutes","Clostridia","Clostridiales","Lachnospiraceae","Lachnospiraceae_unclassified"
"Otu0447","Otu0447",921,"Firmicutes","Clostridia","Clostridiales","Lachnospiraceae","Blautia"
"Otu0448","Otu0448",920,"Cyanobacteria/Chloroplast","Cyanobacteria","Family_II","Family_II_unclassified","Family_II_unclassified"
"Otu0449","Otu0449",918,"Firmicutes","Clostridia","Clostridiales","Clostridiales_unclassified","Clostridiales_unclassified"
"Otu0450","Otu0450",915,"Firmicutes","Clostridia","Clostridiales","Ruminococcaceae","Ruminococcaceae_unclassified"
"Otu0451","Otu0451",910,"Firmicutes","Clostridia","Clostridiales","Ruminococcaceae","Ruminococcaceae_unclassified"
"Otu0452","Otu0452",908,"Proteobacteria","Alphaproteobacteria","Rhodobacterales","Rhodobacteraceae","Paracoccus"
"Otu0453","Otu0453",907,"Firmicutes","Bacilli","Bacillales","Bacillales_unclassified","Bacillales_unclassified"
"Otu0454","Otu0454",906,"Firmicutes","Clostridia","Clostridiales","Lachnospiraceae","Lachnospiraceae_unclassified"
"Otu0455","Otu0455",906,"Firmicutes","Clostridia","Clostridiales","Clostridiales_unclassified","Clostridiales_unclassified"
"Otu0456","Otu0456",892,"Firmicutes","Clostridia","Clostridiales","Lachnospiraceae","Lachnospiraceae_unclassified"
"Otu0457","Otu0457",892,"Firmicutes","Clostridia","Clostridiales","Ruminococcaceae","Dysosmobacter"
"Otu0458","Otu0458",885,"Actinobacteria","Actinobacteria","Micrococcales","Micrococcaceae","Rothia"
"Otu0459","Otu0459",884,"Firmicutes","Clostridia","Clostridiales","Ruminococcaceae","Monoglobus"
"Otu0460","Otu0460",877,"Firmicutes","Clostridia","Clostridiales","Ruminococcaceae","Ruminococcaceae_unclassified"
"Otu0461","Otu0461",862,"Bacteroidetes","Bacteroidia","Bacteroidales","Rikenellaceae","Alistipes"
"Otu0462","Otu0462",861,"Firmicutes","Clostridia","Clostridiales","Ruminococcaceae","Ruminococcaceae_unclassified"
"Otu0463","Otu0463",855,"Bacteroidetes","Bacteroidia","Bacteroidales","Dysgonomonadaceae","Dysgonomonas"
"Otu0464","Otu0464",854,"Firmicutes","Bacilli","Lactobacillales","Lactobacillaceae","Lactiplantibacillus"
"Otu0465","Otu0465",849,"Proteobacteria","Betaproteobacteria","Burkholderiales","Burkholderiaceae","Polynucleobacter"
"Otu0466","Otu0466",848,"Actinobacteria","Actinobacteria","Mycobacteriales","Corynebacteriaceae","Corynebacterium"
"Otu0467","Otu0467",847,"Bacteroidetes","Bacteroidia","Bacteroidales","Bacteroidaceae","Phocaeicola"
"Otu0468","Otu0468",838,"Firmicutes","Clostridia","Clostridiales","Ruminococcaceae","Ruminococcaceae_unclassified"
"Otu0469","Otu0469",821,"Firmicutes","Clostridia","Clostridiales","Lachnospiraceae","Lachnospiraceae_unclassified"
"Otu0470","Otu0470",816,"Actinobacteria","Coriobacteriia","Coriobacteriales","Coriobacteriaceae","Enorma"
"Otu0471","Otu0471",803,"Bacteroidetes","Bacteroidia","Bacteroidales","Muribaculaceae","Duncaniella"
"Otu0472","Otu0472",793,"Firmicutes","Clostridia","Clostridiales","Lachnospiraceae","Roseburia"
"Otu0473","Otu0473",788,"Firmicutes","Clostridia","Clostridiales","Peptostreptococcaceae","Peptacetobacter"
"Otu0474","Otu0474",784,"Actinobacteria","Actinobacteria","Mycobacteriales","Corynebacteriaceae","Corynebacterium"
"Otu0475","Otu0475",778,"Actinobacteria","Actinobacteria","Actinomycetales","Actinomycetaceae","Arcanobacterium"
"Otu0476","Otu0476",773,"Firmicutes","Clostridia","Clostridiales","Ruminococcaceae","Ruminococcaceae_unclassified"
"Otu0477","Otu0477",767,"Firmicutes","Clostridia","Clostridiales","Lachnospiraceae","Lachnospiraceae_unclassified"
"Otu0478","Otu0478",756,"Firmicutes","Bacilli","Bacillales","Staphylococcaceae","Nosocomiicoccus"
"Otu0479","Otu0479",755,"Firmicutes","Clostridia","Clostridiales","Lachnospiraceae","Lachnospiraceae_unclassified"
"Otu0480","Otu0480",755,"Firmicutes","Clostridia","Clostridiales","Lachnospiraceae","Lachnospiraceae_unclassified"
"Otu0481","Otu0481",755,"Firmicutes","Clostridia","Clostridiales","Peptoniphilaceae","Helcococcus"
"Otu0482","Otu0482",747,"Firmicutes","Clostridia","Clostridiales","Peptoniphilaceae","Ezakiella"
"Otu0483","Otu0483",741,"Firmicutes","Bacilli","Lactobacillales","Aerococcaceae","Aerococcus"
"Otu0484","Otu0484",738,"Firmicutes","Clostridia","Clostridiales","Lachnospiraceae","Coprococcus"
"Otu0485","Otu0485",737,"Firmicutes","Clostridia","Clostridiales","Lachnospiraceae","Lachnospiraceae_unclassified"
"Otu0486","Otu0486",731,"Firmicutes","Clostridia","Clostridiales","Lachnospiraceae","Lachnospiraceae_unclassified"
"Otu0487","Otu0487",727,"Deinococcus-Thermus","Deinococci","Thermales","Thermaceae","Thermus"
"Otu0488","Otu0488",724,"Firmicutes","Negativicutes","Veillonellales","Veillonellaceae","Veillonella"
"Otu0489","Otu0489",719,"Proteobacteria","Alphaproteobacteria","Rhodospirillales","Reyranellaceae","Reyranella"
"Otu0490","Otu0490",701,"Firmicutes","Clostridia","Clostridiales","Ruminococcaceae","Oscillibacter"
"Otu0491","Otu0491",700,"Bacteroidetes","Bacteroidia","Bacteroidales","Prevotellaceae","Prevotella"
"Otu0492","Otu0492",698,"Firmicutes","Clostridia","Clostridiales","Ruminococcaceae","Ruminococcaceae_unclassified"
"Otu0493","Otu0493",692,"Firmicutes","Clostridia","Clostridiales","Eubacteriaceae","Eubacteriaceae_unclassified"
"Otu0494","Otu0494",685,"Firmicutes","Clostridia","Clostridiales","Lachnospiraceae","Anaerosporobacter"
"Otu0495","Otu0495",684,"Proteobacteria","Gammaproteobacteria","Pseudomonadales","Moraxellaceae","Moraxella"
"Otu0496","Otu0496",680,"Bacteroidetes","Flavobacteriia","Flavobacteriales","Flavobacteriaceae","Flavobacterium"
"Otu0497","Otu0497",677,"Actinobacteria","Actinobacteria","Mycobacteriales","Corynebacteriaceae","Corynebacterium"
"Otu0498","Otu0498",674,"Actinobacteria","Actinobacteria","Mycobacteriales","Corynebacteriaceae","Corynebacterium"
"Otu0499","Otu0499",674,"Firmicutes","Clostridia","Clostridiales","Lachnospiraceae","Lachnospiraceae_unclassified"
"Otu0500","Otu0500",669,"Bacteroidetes","Bacteroidetes_unclassified","Bacteroidetes_unclassified","Bacteroidetes_unclassified","Bacteroidetes_unclassified"
"Otu0501","Otu0501",664,"Firmicutes","Negativicutes","Veillonellales","Veillonellaceae","Dialister"
"Otu0502","Otu0502",661,"Firmicutes","Clostridia","Clostridiales","Clostridiales_unclassified","Clostridiales_unclassified"
"Otu0503","Otu0503",657,"Proteobacteria","Betaproteobacteria","Neisseriales","Neisseriaceae","Neisseria"
"Otu0504","Otu0504",655,"Firmicutes","Bacilli","Lactobacillales","Streptococcaceae","Streptococcus"
"Otu0505","Otu0505",644,"Bacteroidetes","Bacteroidia","Bacteroidales","Bacteroidales_unclassified","Bacteroidales_unclassified"
"Otu0506","Otu0506",639,"Bacteroidetes","Bacteroidia","Bacteroidales","Bacteroidales_unclassified","Bacteroidales_unclassified"
"Otu0507","Otu0507",638,"Firmicutes","Clostridia","Clostridiales","Lachnospiraceae","Howardella"
"Otu0508","Otu0508",630,"Firmicutes","Clostridia","Clostridiales","Lachnospiraceae","Acetatifactor"
"Otu0509","Otu0509",625,"Actinobacteria","Actinobacteria","Micrococcales","Micrococcaceae","Micrococcus"
"Otu0510","Otu0510",621,"Proteobacteria","Deltaproteobacteria","Desulfovibrionales","Desulfovibrionaceae","Desulfovibrionaceae_unclassified"
"Otu0511","Otu0511",619,"Firmicutes","Clostridia","Clostridiales","Ruminococcaceae","Ruminococcus"
"Otu0512","Otu0512",619,"Actinobacteria","Actinobacteria","Streptosporangiales","Thermomonosporaceae","Actinomadura"
"Otu0513","Otu0513",619,"Firmicutes","Erysipelotrichia","Erysipelotrichales","Erysipelotrichaceae","Faecalitalea"
"Otu0514","Otu0514",618,"Firmicutes","Clostridia","Clostridiales","Clostridiales_unclassified","Clostridiales_unclassified"
"Otu0515","Otu0515",617,"Firmicutes","Clostridia","Clostridiales","Ruminococcaceae","Ruminococcaceae_unclassified"
"Otu0516","Otu0516",617,"Firmicutes","Clostridia","Clostridiales","Ruminococcaceae","Ruminococcus"
"Otu0517","Otu0517",615,"Firmicutes","Clostridia","Clostridiales","Ruminococcaceae","Intestinimonas"
"Otu0518","Otu0518",609,"Actinobacteria","Actinobacteria","Mycobacteriales","Corynebacteriaceae","Corynebacterium"
"Otu0519","Otu0519",598,"Firmicutes","Bacilli","Lactobacillales","Enterococcaceae","Enterococcus"
"Otu0520","Otu0520",598,"Bacteria_unclassified","Bacteria_unclassified","Bacteria_unclassified","Bacteria_unclassified","Bacteria_unclassified"
"Otu0521","Otu0521",597,"Bacteroidetes","Bacteroidetes_unclassified","Bacteroidetes_unclassified","Bacteroidetes_unclassified","Bacteroidetes_unclassified"
"Otu0522","Otu0522",597,"Firmicutes","Bacilli","Lactobacillales","Lactobacillaceae","Leuconostoc"
"Otu0523","Otu0523",594,"Bacteroidetes","Bacteroidia","Bacteroidales","Barnesiellaceae","Coprobacter"
"Otu0524","Otu0524",591,"Proteobacteria","Gammaproteobacteria","Pseudomonadales","Moraxellaceae","Acinetobacter"
"Otu0525","Otu0525",586,"Firmicutes","Bacilli","Bacillales","Bacillaceae_1","Bacillaceae_1_unclassified"
"Otu0526","Otu0526",577,"Actinobacteria","Coriobacteriia","Eggerthellales","Eggerthellaceae","Eggerthellaceae_unclassified"
"Otu0527","Otu0527",574,"Firmicutes","Clostridia","Clostridiales","Ruminococcaceae","Oscillibacter"
"Otu0528","Otu0528",573,"Firmicutes","Bacilli","Lactobacillales","Lactobacillales_unclassified","Lactobacillales_unclassified"
"Otu0529","Otu0529",569,"Firmicutes","Clostridia","Clostridiales","Lachnospiraceae","Lachnospiraceae_unclassified"
"Otu0530","Otu0530",565,"Bacteroidetes","Bacteroidia","Bacteroidales","Rikenellaceae","Alistipes"
"Otu0531","Otu0531",561,"Firmicutes","Clostridia","Clostridiales","Lachnospiraceae","Lachnospiraceae_unclassified"
"Otu0532","Otu0532",561,"Firmicutes","Clostridia","Clostridiales","Ruminococcaceae","Fournierella"
"Otu0533","Otu0533",560,"Bacteroidetes","Bacteroidia","Bacteroidales","Prevotellaceae","Prevotella"
"Otu0534","Otu0534",552,"Bacteria_unclassified","Bacteria_unclassified","Bacteria_unclassified","Bacteria_unclassified","Bacteria_unclassified"
"Otu0535","Otu0535",551,"Bacteroidetes","Bacteroidia","Bacteroidales","Prevotellaceae","Prevotella"
"Otu0536","Otu0536",550,"Bacteroidetes","Bacteroidia","Bacteroidales","Rikenellaceae","Alistipes"
"Otu0537","Otu0537",548,"Firmicutes","Clostridia","Clostridiales","Peptoniphilaceae","Helcococcus"
"Otu0538","Otu0538",546,"Actinobacteria","Actinobacteria","Micrococcales","Intrasporangiaceae","Intrasporangiaceae_unclassified"
"Otu0539","Otu0539",545,"Firmicutes","Clostridia","Clostridiales","Lachnospiraceae","Lachnospiraceae_unclassified"
"Otu0540","Otu0540",544,"Actinobacteria","Coriobacteriia","Eggerthellales","Eggerthellaceae","Adlercreutzia"
"Otu0541","Otu0541",543,"Bacteroidetes","Bacteroidia","Bacteroidales","Porphyromonadaceae","Parabacteroides"
"Otu0542","Otu0542",542,"Bacteroidetes","Flavobacteriia","Flavobacteriales","Flavobacteriaceae","Flavobacterium"
"Otu0543","Otu0543",541,"Actinobacteria","Actinobacteria","Mycobacteriales","Corynebacteriaceae","Corynebacterium"
"Otu0544","Otu0544",537,"Proteobacteria","Gammaproteobacteria","Enterobacterales","Enterobacteriaceae","Enterobacteriaceae_unclassified"
"Otu0545","Otu0545",532,"Bacteroidetes","Bacteroidia","Bacteroidales","Porphyromonadaceae","Parabacteroides"
"Otu0546","Otu0546",532,"Proteobacteria","Gammaproteobacteria","Xanthomonadales","Xanthomonadaceae","Pseudoxanthomonas"
"Otu0547","Otu0547",532,"Firmicutes","Clostridia","Clostridiales","Clostridiales_unclassified","Clostridiales_unclassified"
"Otu0548","Otu0548",528,"Bacteroidetes","Flavobacteriia","Flavobacteriales","Weeksellaceae","Chryseobacterium"
"Otu0549","Otu0549",528,"Firmicutes","Clostridia","Clostridiales","Lachnospiraceae","Blautia"
"Otu0550","Otu0550",527,"Bacteroidetes","Bacteroidia","Bacteroidales","Prevotellaceae","Prevotellamassilia"
"Otu0551","Otu0551",527,"Fusobacteria","Fusobacteriia","Fusobacteriales","Leptotrichiaceae","Leptotrichia"
"Otu0552","Otu0552",519,"Firmicutes","Clostridia","Clostridiales","Lachnospiraceae","Lachnospiraceae_unclassified"
"Otu0553","Otu0553",519,"Proteobacteria","Alphaproteobacteria","Rhizobiales","Methylobacteriaceae","Methylorubrum"
"Otu0554","Otu0554",518,"Firmicutes","Negativicutes","Selenomonadales","Selenomonadaceae","Selenomonas"
"Otu0555","Otu0555",518,"Bacteroidetes","Bacteroidia","Bacteroidales","Porphyromonadaceae","Falsiporphyromonas"
"Otu0556","Otu0556",517,"Actinobacteria","Actinobacteria","Propionibacteriales","Propionibacteriaceae","Cutibacterium"
"Otu0557","Otu0557",517,"Bacteroidetes","Bacteroidia","Bacteroidales","Prevotellaceae","Prevotella"
"Otu0558","Otu0558",516,"Bacteroidetes","Bacteroidia","Bacteroidales","Bacteroidaceae","Phocaeicola"
"Otu0559","Otu0559",516,"Actinobacteria","Actinobacteria","Micrococcales","Micrococcaceae","Rothia"
"Otu0560","Otu0560",514,"Proteobacteria","Alphaproteobacteria","Sphingomonadales","Sphingomonadaceae","Sphingomonas"
"Otu0561","Otu0561",513,"Firmicutes","Clostridia","Clostridiales","Ruminococcaceae","Ruminococcaceae_unclassified"
"Otu0562","Otu0562",513,"Firmicutes","Erysipelotrichia","Erysipelotrichales","Erysipelotrichaceae","Longibaculum"
"Otu0563","Otu0563",512,"Proteobacteria","Betaproteobacteria","Burkholderiales","Sutterellaceae","Sutterella"
"Otu0564","Otu0564",506,"Firmicutes","Clostridia","Clostridiales","Ruminococcaceae","Ruminococcaceae_unclassified"
"Otu0565","Otu0565",504,"Actinobacteria","Coriobacteriia","Eggerthellales","Eggerthellaceae","Raoultibacter"
"Otu0566","Otu0566",503,"Firmicutes","Clostridia","Clostridiales","Lachnospiraceae","Lachnospiraceae_unclassified"
"Otu0567","Otu0567",503,"Firmicutes","Clostridia","Clostridiales","Ruminococcaceae","Phocea"
"Otu0568","Otu0568",492,"Firmicutes","Firmicutes_unclassified","Firmicutes_unclassified","Firmicutes_unclassified","Firmicutes_unclassified"
"Otu0569","Otu0569",487,"Firmicutes","Clostridia","Clostridiales","Clostridiales_unclassified","Clostridiales_unclassified"
"Otu0570","Otu0570",485,"Bacteroidetes","Bacteroidia","Bacteroidales","Muribaculaceae","Duncaniella"
"Otu0571","Otu0571",484,"Proteobacteria","Alphaproteobacteria","Sphingomonadales","Sphingomonadaceae","Sphingopyxis"
"Otu0572","Otu0572",483,"Firmicutes","Clostridia","Clostridia_unclassified","Clostridia_unclassified","Clostridia_unclassified"
"Otu0573","Otu0573",479,"Actinobacteria","Actinobacteria","Actinomycetales","Actinomycetaceae","Actinomyces"
"Otu0574","Otu0574",479,"Firmicutes","Clostridia","Clostridiales","Peptoniphilaceae","Peptoniphilus"
"Otu0575","Otu0575",478,"Firmicutes","Clostridia","Clostridiales","Clostridiaceae_1","Clostridium_sensu_stricto"
"Otu0576","Otu0576",477,"Bacteria_unclassified","Bacteria_unclassified","Bacteria_unclassified","Bacteria_unclassified","Bacteria_unclassified"
"Otu0577","Otu0577",473,"Firmicutes","Clostridia","Clostridiales","Lachnospiraceae","Schaedlerella"
"Otu0579","Otu0579",465,"Firmicutes","Firmicutes_unclassified","Firmicutes_unclassified","Firmicutes_unclassified","Firmicutes_unclassified"
"Otu0580","Otu0580",464,"Bacteroidetes","Bacteroidia","Bacteroidales","Barnesiellaceae","Coprobacter"
"Otu0581","Otu0581",464,"Actinobacteria","Coriobacteriia","Coriobacteriales","Coriobacteriaceae","Collinsella"
"Otu0582","Otu0582",463,"Proteobacteria","Betaproteobacteria","Burkholderiales","Comamonadaceae","Comamonadaceae_unclassified"
"Otu0583","Otu0583",463,"Firmicutes","Bacilli","Bacillales","Bacillaceae_1","Bacillaceae_1_unclassified"
"Otu0584","Otu0584",457,"Proteobacteria","Betaproteobacteria","Burkholderiales","Sutterellaceae","Duodenibacillus"
"Otu0585","Otu0585",456,"Firmicutes","Clostridia","Clostridiales","Clostridiales_Incertae_Sedis_XIII","Clostridiales_Incertae_Sedis_XIII_unclassified"
"Otu0586","Otu0586",455,"Bacteria_unclassified","Bacteria_unclassified","Bacteria_unclassified","Bacteria_unclassified","Bacteria_unclassified"
"Otu0587","Otu0587",455,"Actinobacteria","Actinobacteria","Micrococcales","Dermabacteraceae","Dermabacter"
"Otu0588","Otu0588",452,"Actinobacteria","Actinobacteria","Bifidobacteriales","Bifidobacteriaceae","Bifidobacterium"
"Otu0589","Otu0589",451,"Firmicutes","Firmicutes_unclassified","Firmicutes_unclassified","Firmicutes_unclassified","Firmicutes_unclassified"
"Otu0590","Otu0590",449,"Bacteroidetes","Bacteroidia","Bacteroidales","Porphyromonadaceae","Parabacteroides"
"Otu0591","Otu0591",446,"Firmicutes","Clostridia","Clostridiales","Lachnospiraceae","Lachnospiraceae_unclassified"
"Otu0592","Otu0592",444,"Planctomycetes","Planctomycetacia","Planctomycetales","Planctomycetaceae","Planctomycetaceae_unclassified"
"Otu0593","Otu0593",442,"Firmicutes","Clostridia","Clostridiales","Lachnospiraceae","Enterocloster"
"Otu0594","Otu0594",440,"Firmicutes","Clostridia","Clostridiales","Ruminococcaceae","Ruminococcaceae_unclassified"
"Otu0595","Otu0595",440,"Actinobacteria","Coriobacteriia","Eggerthellales","Eggerthellaceae","Slackia"
"Otu0596","Otu0596",439,"Firmicutes","Firmicutes_unclassified","Firmicutes_unclassified","Firmicutes_unclassified","Firmicutes_unclassified"
"Otu0597","Otu0597",438,"Firmicutes","Erysipelotrichia","Erysipelotrichales","Erysipelotrichaceae","Erysipelotrichaceae_unclassified"
"Otu0598","Otu0598",438,"Firmicutes","Clostridia","Clostridiales","Lachnospiraceae","Blautia"
"Otu0599","Otu0599",437,"Firmicutes","Clostridia","Clostridiales","Lachnospiraceae","Lachnospiraceae_unclassified"
"Otu0600","Otu0600",431,"Firmicutes","Clostridia","Clostridiales","Clostridiales_unclassified","Clostridiales_unclassified"
"Otu0601","Otu0601",430,"Deinococcus-Thermus","Deinococci","Deinococcales","Deinococcaceae","Deinococcus"
"Otu0602","Otu0602",430,"Firmicutes","Clostridia","Clostridiales","Peptoniphilaceae","Peptoniphilus"
"Otu0603","Otu0603",430,"Firmicutes","Clostridia","Clostridiales","Lachnospiraceae","Lachnospiraceae_unclassified"
"Otu0604","Otu0604",424,"Firmicutes","Clostridia","Clostridiales","Christensenellaceae","Christensenella"
"Otu0605","Otu0605",421,"Bacteroidetes","Bacteroidia","Bacteroidales","Porphyromonadaceae","Porphyromonas"
"Otu0606","Otu0606",420,"Firmicutes","Clostridia","Clostridiales","Peptoniphilaceae","Ezakiella"
"Otu0607","Otu0607",419,"Firmicutes","Firmicutes_unclassified","Firmicutes_unclassified","Firmicutes_unclassified","Firmicutes_unclassified"
"Otu0608","Otu0608",418,"Bacteroidetes","Bacteroidia","Bacteroidales","Muribaculaceae","Muribaculaceae_unclassified"
"Otu0609","Otu0609",414,"Firmicutes","Clostridia","Clostridiales","Clostridiales_unclassified","Clostridiales_unclassified"
"Otu0610","Otu0610",414,"Firmicutes","Clostridia","Clostridiales","Lachnospiraceae","Lachnospiraceae_unclassified"
"Otu0611","Otu0611",412,"Bacteroidetes","Bacteroidia","Bacteroidales","Barnesiellaceae","Barnesiella"
"Otu0612","Otu0612",410,"Firmicutes","Clostridia","Clostridiales","Lachnospiraceae","Lachnospiraceae_unclassified"
"Otu0613","Otu0613",410,"Bacteroidetes","Bacteroidia","Bacteroidales","Dysgonomonadaceae","Dysgonomonas"
"Otu0614","Otu0614",406,"Firmicutes","Clostridia","Clostridiales","Clostridiales_unclassified","Clostridiales_unclassified"
"Otu0615","Otu0615",406,"Firmicutes","Clostridia","Clostridiales","Ruminococcaceae","Flintibacter"
"Otu0616","Otu0616",405,"Firmicutes","Clostridia","Clostridiales","Lachnospiraceae","Oribacterium"
"Otu0617","Otu0617",402,"Firmicutes","Bacilli","Lactobacillales","Lactobacillaceae","Lactobacillus"
"Otu0618","Otu0618",399,"Firmicutes","Clostridia","Clostridiales","Lachnospiraceae","Lachnospiraceae_unclassified"
"Otu0619","Otu0619",398,"Acidobacteria","Acidobacteria_Gp6","Gp6","Gp6_unclassified","Gp6_unclassified"
"Otu0620","Otu0620",396,"Proteobacteria","Alphaproteobacteria","Rhizobiales","Rhizobiaceae","Rhizobiaceae_unclassified"
"Otu0621","Otu0621",394,"Firmicutes","Clostridia","Clostridiales","Lachnospiraceae","Lachnospiraceae_unclassified"
"Otu0622","Otu0622",394,"Firmicutes","Clostridia","Clostridiales","Clostridiales_unclassified","Clostridiales_unclassified"
"Otu0623","Otu0623",387,"Firmicutes","Firmicutes_unclassified","Firmicutes_unclassified","Firmicutes_unclassified","Firmicutes_unclassified"
"Otu0624","Otu0624",387,"Proteobacteria","Gammaproteobacteria","Pasteurellales","Pasteurellaceae","Pasteurellaceae_unclassified"
"Otu0625","Otu0625",386,"Actinobacteria","Actinobacteria","Micrococcales","Microbacteriaceae","Gulosibacter"
"Otu0626","Otu0626",385,"Firmicutes","Erysipelotrichia","Erysipelotrichales","Erysipelotrichaceae","Erysipelotrichaceae_unclassified"
"Otu0627","Otu0627",380,"Firmicutes","Clostridia","Clostridiales","Lachnospiraceae","Blautia"
"Otu0628","Otu0628",377,"Bacteria_unclassified","Bacteria_unclassified","Bacteria_unclassified","Bacteria_unclassified","Bacteria_unclassified"
"Otu0629","Otu0629",377,"Bacteroidetes","Bacteroidia","Bacteroidales","Bacteroidaceae","Bacteroides"
"Otu0631","Otu0631",373,"Proteobacteria","Gammaproteobacteria","Cellvibrionales","Cellvibrionaceae","Cellvibrio"
"Otu0632","Otu0632",369,"Actinobacteria","Actinobacteria","Mycobacteriales","Lawsonellaceae","Lawsonella"
"Otu0633","Otu0633",368,"Bacteroidetes","Bacteroidia","Bacteroidales","Bacteroidaceae","Bacteroides"
"Otu0634","Otu0634",365,"Actinobacteria","Actinobacteria","Mycobacteriales","Corynebacteriaceae","Corynebacterium"
"Otu0635","Otu0635",361,"Bacteria_unclassified","Bacteria_unclassified","Bacteria_unclassified","Bacteria_unclassified","Bacteria_unclassified"
"Otu0636","Otu0636",360,"Firmicutes","Clostridia","Clostridiales","Lachnospiraceae","Lachnospiraceae_unclassified"
"Otu0637","Otu0637",358,"Firmicutes","Clostridia","Clostridiales","Lachnospiraceae","Lachnoanaerobaculum"
"Otu0638","Otu0638",357,"Actinobacteria","Actinobacteria","Mycobacteriales","Corynebacteriaceae","Corynebacterium"
"Otu0639","Otu0639",357,"Bacteroidetes","Flavobacteriia","Flavobacteriales","Weeksellaceae","Weeksella"
"Otu0640","Otu0640",355,"Bacteria_unclassified","Bacteria_unclassified","Bacteria_unclassified","Bacteria_unclassified","Bacteria_unclassified"
"Otu0641","Otu0641",355,"Firmicutes","Clostridia","Clostridiales","Clostridiaceae_1","Sarcina"
"Otu0642","Otu0642",353,"Firmicutes","Clostridia","Clostridiales","Lachnospiraceae","Lachnospiraceae_unclassified"
"Otu0643","Otu0643",352,"Firmicutes","Clostridia","Clostridiales","Ruminococcaceae","Ruminococcaceae_unclassified"
"Otu0644","Otu0644",351,"Firmicutes","Negativicutes","Veillonellales","Veillonellaceae","Megasphaera"
"Otu0645","Otu0645",349,"Firmicutes","Clostridia","Clostridiales","Lachnospiraceae","Lachnospiraceae_unclassified"
"Otu0646","Otu0646",347,"Firmicutes","Clostridia","Clostridiales","Peptoniphilaceae","Anaerococcus"
"Otu0647","Otu0647",345,"Firmicutes","Clostridia","Clostridiales","Lachnospiraceae","Lachnospiraceae_unclassified"
"Otu0648","Otu0648",344,"Firmicutes","Clostridia","Clostridiales","Clostridiales_unclassified","Clostridiales_unclassified"
"Otu0649","Otu0649",343,"Firmicutes","Clostridia","Clostridiales","Lachnospiraceae","Clostridium_XlVb"
"Otu0650","Otu0650",341,"Bacteria_unclassified","Bacteria_unclassified","Bacteria_unclassified","Bacteria_unclassified","Bacteria_unclassified"
"Otu0651","Otu0651",341,"Firmicutes","Clostridia","Clostridiales","Ruminococcaceae","Ruminococcaceae_unclassified"
"Otu0652","Otu0652",334,"Firmicutes","Clostridia","Clostridiales","Ruminococcaceae","Ruminococcaceae_unclassified"
"Otu0653","Otu0653",332,"Fusobacteria","Fusobacteriia","Fusobacteriales","Leptotrichiaceae","Leptotrichia"
"Otu0654","Otu0654",332,"Firmicutes","Negativicutes","Selenomonadales","Selenomonadaceae","Selenomonadaceae_unclassified"
"Otu0655","Otu0655",331,"Firmicutes","Clostridia","Clostridiales","Ruminococcaceae","Ruminococcaceae_unclassified"
"Otu0656","Otu0656",331,"Firmicutes","Firmicutes_unclassified","Firmicutes_unclassified","Firmicutes_unclassified","Firmicutes_unclassified"
"Otu0657","Otu0657",330,"Firmicutes","Clostridia","Clostridiales","Clostridiaceae_1","Clostridium_sensu_stricto"
"Otu0658","Otu0658",330,"Firmicutes","Clostridia","Clostridiales","Ruminococcaceae","Ruminococcaceae_unclassified"
"Otu0659","Otu0659",330,"Firmicutes","Bacilli","Bacilli_unclassified","Bacilli_unclassified","Bacilli_unclassified"
"Otu0660","Otu0660",328,"Firmicutes","Bacilli","Lactobacillales","Streptococcaceae","Streptococcus"
"Otu0661","Otu0661",328,"Bacteroidetes","Bacteroidia","Bacteroidales","Bacteroidaceae","Bacteroides"
"Otu0662","Otu0662",326,"Actinobacteria","Actinobacteria","Micrococcales","Microbacteriaceae","Cryobacterium"
"Otu0663","Otu0663",326,"Firmicutes","Bacilli","Bacilli_unclassified","Bacilli_unclassified","Bacilli_unclassified"
"Otu0664","Otu0664",325,"Firmicutes","Clostridia","Clostridiales","Ruminococcaceae","Ruminococcaceae_unclassified"
"Otu0665","Otu0665",324,"Firmicutes","Clostridia","Clostridiales","Ruminococcaceae","Dysosmobacter"
"Otu0667","Otu0667",320,"Actinobacteria","Actinobacteria","Actinobacteria_unclassified","Actinobacteria_unclassified","Actinobacteria_unclassified"
"Otu0668","Otu0668",319,"Firmicutes","Clostridia","Clostridiales","Ruminococcaceae","Ruminococcaceae_unclassified"
"Otu0669","Otu0669",317,"Firmicutes","Clostridia","Clostridiales","Ruminococcaceae","Hydrogeniiclostridium"
"Otu0670","Otu0670",316,"Firmicutes","Clostridia","Clostridiales","Ruminococcaceae","Subdoligranulum"
"Otu0671","Otu0671",315,"Firmicutes","Clostridia","Clostridiales","Ruminococcaceae","Ruminococcaceae_unclassified"
"Otu0672","Otu0672",315,"Firmicutes","Clostridia","Clostridiales","Lachnospiraceae","Lachnospiraceae_unclassified"
"Otu0673","Otu0673",313,"Bacteria_unclassified","Bacteria_unclassified","Bacteria_unclassified","Bacteria_unclassified","Bacteria_unclassified"
"Otu0674","Otu0674",313,"Bacteroidetes","Bacteroidia","Bacteroidales","Porphyromonadaceae","Parabacteroides"
"Otu0675","Otu0675",311,"Firmicutes","Clostridia","Clostridiales","Ruminococcaceae","Ruminococcaceae_unclassified"
"Otu0676","Otu0676",311,"Firmicutes","Clostridia","Clostridiales","Peptoniphilaceae","Peptoniphilus"
"Otu0677","Otu0677",309,"Firmicutes","Clostridia","Clostridiales","Ruminococcaceae","Ruminococcaceae_unclassified"
"Otu0678","Otu0678",309,"Actinobacteria","Actinobacteria","Actinomycetales","Actinomycetaceae","Gleimia"
"Otu0680","Otu0680",305,"Firmicutes","Clostridia","Clostridiales","Lachnospiraceae","Lachnospiraceae_unclassified"
"Otu0681","Otu0681",303,"Proteobacteria","Betaproteobacteria","Burkholderiales","Sutterellaceae","Parasutterella"
"Otu0682","Otu0682",303,"Firmicutes","Bacilli","Lactobacillales","Lactobacillaceae","Lactobacillus"
"Otu0683","Otu0683",303,"Actinobacteria","Actinobacteria","Actinobacteria_unclassified","Actinobacteria_unclassified","Actinobacteria_unclassified"
"Otu0684","Otu0684",302,"Bacteroidetes","Bacteroidia","Bacteroidales","Bacteroidales_unclassified","Bacteroidales_unclassified"
"Otu0685","Otu0685",299,"Firmicutes","Clostridia","Clostridiales","Lachnospiraceae","Lactonifactor"
"Otu0686","Otu0686",299,"Firmicutes","Bacilli","Lactobacillales","Lactobacillaceae","Pediococcus"
"Otu0687","Otu0687",298,"Firmicutes","Clostridia","Clostridiales","Ruminococcaceae","Ruminococcaceae_unclassified"
"Otu0688","Otu0688",297,"Firmicutes","Clostridia","Clostridiales","Lachnospiraceae","Lachnospiraceae_unclassified"
"Otu0689","Otu0689",296,"Proteobacteria","Alphaproteobacteria","Rhizobiales","Hyphomicrobiaceae","Hyphomicrobiaceae_unclassified"
"Otu0690","Otu0690",295,"Bacteroidetes","Bacteroidia","Bacteroidales","Rikenellaceae","Alistipes"
"Otu0691","Otu0691",295,"Firmicutes","Clostridia","Clostridiales","Lachnospiraceae","Ruminococcus2"
"Otu0692","Otu0692",295,"Firmicutes","Clostridia","Clostridiales","Lachnospiraceae","Stomatobaculum"
"Otu0693","Otu0693",294,"Actinobacteria","Coriobacteriia","Eggerthellales","Eggerthellaceae","Gordonibacter"
"Otu0694","Otu0694",294,"Bacteroidetes","Bacteroidia","Bacteroidales","Bacteroidaceae","Bacteroides"
"Otu0695","Otu0695",294,"Bacteroidetes","Bacteroidia","Bacteroidales","Bacteroidaceae","Bacteroidaceae_unclassified"
"Otu0697","Otu0697",290,"Firmicutes","Firmicutes_unclassified","Firmicutes_unclassified","Firmicutes_unclassified","Firmicutes_unclassified"
"Otu0698","Otu0698",290,"Firmicutes","Bacilli","Bacillales","Bacillaceae_1","Bacillaceae_1_unclassified"
"Otu0699","Otu0699",285,"Firmicutes","Clostridia","Clostridiales","Lachnospiraceae","Lachnospiraceae_unclassified"
"Otu0700","Otu0700",285,"Firmicutes","Clostridia","Clostridiales","Clostridiales_unclassified","Clostridiales_unclassified"
"Otu0701","Otu0701",283,"Firmicutes","Negativicutes","Veillonellales","Veillonellaceae","Veillonellaceae_unclassified"
"Otu0702","Otu0702",282,"Firmicutes","Clostridia","Clostridiales","Clostridiales_Incertae_Sedis_XIII","Mogibacterium"
"Otu0703","Otu0703",282,"Firmicutes","Erysipelotrichia","Erysipelotrichales","Erysipelotrichaceae","Holdemanella"
"Otu0704","Otu0704",282,"Firmicutes","Clostridia","Clostridiales","Lachnospiraceae","Lachnospiraceae_unclassified"
"Otu0705","Otu0705",281,"Firmicutes","Firmicutes_unclassified","Firmicutes_unclassified","Firmicutes_unclassified","Firmicutes_unclassified"
"Otu0706","Otu0706",281,"Bacteria_unclassified","Bacteria_unclassified","Bacteria_unclassified","Bacteria_unclassified","Bacteria_unclassified"
"Otu0707","Otu0707",278,"Bacteria_unclassified","Bacteria_unclassified","Bacteria_unclassified","Bacteria_unclassified","Bacteria_unclassified"
"Otu0708","Otu0708",278,"Firmicutes","Clostridia","Clostridiales","Ruminococcaceae","Ruminococcaceae_unclassified"
"Otu0709","Otu0709",277,"Firmicutes","Clostridia","Clostridiales","Ruminococcaceae","Ruminococcaceae_unclassified"
"Otu0710","Otu0710",277,"Bacteroidetes","Bacteroidia","Bacteroidales","Porphyromonadaceae","Porphyromonas"
"Otu0711","Otu0711",276,"Fusobacteria","Fusobacteriia","Fusobacteriales","Leptotrichiaceae","Leptotrichia"
"Otu0712","Otu0712",276,"Firmicutes","Clostridia","Clostridiales","Clostridiales_unclassified","Clostridiales_unclassified"
"Otu0713","Otu0713",274,"Firmicutes","Clostridia","Clostridiales","Clostridiales_unclassified","Clostridiales_unclassified"
"Otu0715","Otu0715",273,"Proteobacteria","Alphaproteobacteria","Rhodospirillales","Acetobacteraceae","Acetobacteraceae_unclassified"
"Otu0716","Otu0716",272,"Firmicutes","Clostridia","Clostridiales","Peptococcaceae_1","Peptococcus"
"Otu0717","Otu0717",268,"Firmicutes","Firmicutes_unclassified","Firmicutes_unclassified","Firmicutes_unclassified","Firmicutes_unclassified"
"Otu0718","Otu0718",267,"Firmicutes","Firmicutes_unclassified","Firmicutes_unclassified","Firmicutes_unclassified","Firmicutes_unclassified"
"Otu0719","Otu0719",267,"Nitrospirae","Nitrospira","Nitrospirales","Nitrospiraceae","Nitrospira"
"Otu0720","Otu0720",266,"Bacteria_unclassified","Bacteria_unclassified","Bacteria_unclassified","Bacteria_unclassified","Bacteria_unclassified"
"Otu0721","Otu0721",265,"Parcubacteria","Parcubacteria_unclassified","Parcubacteria_unclassified","Parcubacteria_unclassified","Parcubacteria_unclassified"
"Otu0722","Otu0722",264,"Proteobacteria","Betaproteobacteria","Burkholderiales","Sutterellaceae","Duodenibacillus"
"Otu0724","Otu0724",262,"Firmicutes","Clostridia","Clostridiales","Ruminococcaceae","Clostridium_IV"
"Otu0725","Otu0725",261,"Firmicutes","Clostridia","Clostridiales","Peptoniphilaceae","Anaerococcus"
"Otu0726","Otu0726",261,"Firmicutes","Clostridia","Clostridiales","Ruminococcaceae","Ruminococcaceae_unclassified"
"Otu0727","Otu0727",260,"Firmicutes","Bacilli","Bacilli_unclassified","Bacilli_unclassified","Bacilli_unclassified"
"Otu0728","Otu0728",259,"Firmicutes","Clostridia","Clostridiales","Lachnospiraceae","Lachnospiraceae_unclassified"
"Otu0729","Otu0729",258,"Firmicutes","Clostridia","Clostridiales","Clostridiaceae_1","Clostridium_sensu_stricto"
"Otu0731","Otu0731",256,"Firmicutes","Clostridia","Clostridiales","Clostridiales_unclassified","Clostridiales_unclassified"
"Otu0732","Otu0732",256,"Bacteroidetes","Bacteroidia","Bacteroidales","Porphyromonadaceae","Parabacteroides"
"Otu0734","Otu0734",253,"Bacteroidetes","Bacteroidia","Bacteroidales","Bacteroidaceae","Bacteroides"
"Otu0735","Otu0735",253,"Actinobacteria","Coriobacteriia","Eggerthellales","Eggerthellaceae","Eggerthellaceae_unclassified"
"Otu0737","Otu0737",249,"Proteobacteria","Deltaproteobacteria","Myxococcales","Sandaracinaceae","Sandaracinus"
"Otu0738","Otu0738",249,"Actinobacteria","Actinobacteria","Mycobacteriales","Nocardiaceae","Rhodococcus"
"Otu0739","Otu0739",247,"Actinobacteria","Actinobacteria_unclassified","Actinobacteria_unclassified","Actinobacteria_unclassified","Actinobacteria_unclassified"
"Otu0740","Otu0740",244,"Firmicutes","Bacilli","Bacillales","Bacillaceae_1","Bacillaceae_1_unclassified"
"Otu0741","Otu0741",244,"Firmicutes","Clostridia","Clostridiales","Lachnospiraceae","Murimonas"
"Otu0742","Otu0742",241,"Actinobacteria","Actinobacteria","Mycobacteriales","Corynebacteriaceae","Corynebacterium"
"Otu0744","Otu0744",235,"Firmicutes","Negativicutes","Veillonellales","Veillonellaceae","Veillonella"
"Otu0745","Otu0745",234,"Firmicutes","Clostridia","Clostridiales","Lachnospiraceae","Lachnospiraceae_unclassified"
"Otu0746","Otu0746",233,"Firmicutes","Erysipelotrichia","Erysipelotrichales","Erysipelotrichaceae","Amedibacillus"
"Otu0747","Otu0747",233,"Firmicutes","Bacilli","Bacilli_unclassified","Bacilli_unclassified","Bacilli_unclassified"
"Otu0748","Otu0748",233,"Proteobacteria","Alphaproteobacteria","Sphingomonadales","Sphingomonadaceae","Sphingomonas"
"Otu0749","Otu0749",232,"Firmicutes","Clostridia","Clostridiales","Clostridiales_unclassified","Clostridiales_unclassified"
"Otu0750","Otu0750",230,"Firmicutes","Clostridia","Clostridiales","Lachnospiraceae","Lachnospiraceae_unclassified"
"Otu0751","Otu0751",229,"Proteobacteria","Alphaproteobacteria","Alphaproteobacteria_unclassified","Alphaproteobacteria_unclassified","Alphaproteobacteria_unclassified"
"Otu0752","Otu0752",225,"Firmicutes","Clostridia","Clostridiales","Clostridiales_unclassified","Clostridiales_unclassified"
"Otu0753","Otu0753",225,"Bacteroidetes","Bacteroidia","Bacteroidales","Odoribacteraceae","Butyricimonas"
"Otu0754","Otu0754",224,"Firmicutes","Clostridia","Clostridiales","Ruminococcaceae","Ruminococcus"
"Otu0755","Otu0755",224,"Firmicutes","Bacilli","Bacillales","Staphylococcaceae","Staphylococcaceae_unclassified"
"Otu0756","Otu0756",223,"Firmicutes","Clostridia","Clostridiales","Ruminococcaceae","Ruminococcaceae_unclassified"
"Otu0757","Otu0757",222,"Actinobacteria","Coriobacteriia","Coriobacteriales","Coriobacteriaceae","Senegalimassilia"
"Otu0758","Otu0758",219,"Proteobacteria","Alphaproteobacteria","Rhodobacterales","Rhodobacteraceae","Rubellimicrobium"
"Otu0759","Otu0759",217,"Firmicutes","Firmicutes_unclassified","Firmicutes_unclassified","Firmicutes_unclassified","Firmicutes_unclassified"
"Otu0760","Otu0760",216,"Firmicutes","Clostridia","Clostridiales","Ruminococcaceae","Negativibacillus"
"Otu0761","Otu0761",216,"Firmicutes","Clostridia","Clostridiales","Ruminococcaceae","Ruminococcus"
"Otu0762","Otu0762",214,"Bacteroidetes","Bacteroidia","Bacteroidales","Prevotellaceae","Prevotella"
"Otu0763","Otu0763",213,"Firmicutes","Clostridia","Clostridiales","Lachnospiraceae","Anaerotignum"
"Otu0764","Otu0764",213,"Bacteroidetes","Bacteroidia","Bacteroidales","Prevotellaceae","Alloprevotella"
"Otu0765","Otu0765",213,"Bacteroidetes","Bacteroidia","Bacteroidales","Prevotellaceae","Prevotella"
"Otu0766","Otu0766",212,"Actinobacteria","Coriobacteriia","Eggerthellales","Eggerthellaceae","Gordonibacter"
"Otu0767","Otu0767",212,"Firmicutes","Clostridia","Clostridiales","Lachnospiraceae","Lachnospiraceae_unclassified"
"Otu0768","Otu0768",212,"Firmicutes","Clostridia","Clostridiales","Ruminococcaceae","Ruminococcaceae_unclassified"
"Otu0770","Otu0770",211,"Fusobacteria","Fusobacteriia","Fusobacteriales","Leptotrichiaceae","Leptotrichia"
"Otu0772","Otu0772",210,"Firmicutes","Bacilli","Lactobacillales","Streptococcaceae","Streptococcus"
"Otu0773","Otu0773",210,"Firmicutes","Clostridia","Clostridiales","Lachnospiraceae","Lachnospiraceae_unclassified"
"Otu0775","Otu0775",209,"Firmicutes","Bacilli","Lactobacillales","Aerococcaceae","Abiotrophia"
"Otu0776","Otu0776",208,"Firmicutes","Bacilli","Bacilli_unclassified","Bacilli_unclassified","Bacilli_unclassified"
"Otu0777","Otu0777",207,"Firmicutes","Clostridia","Clostridiales","Lachnospiraceae","Lachnospiraceae_unclassified"
"Otu0778","Otu0778",207,"Firmicutes","Clostridia","Clostridiales","Lachnospiraceae","Lachnospiraceae_unclassified"
"Otu0779","Otu0779",207,"Bacteroidetes","Bacteroidetes_unclassified","Bacteroidetes_unclassified","Bacteroidetes_unclassified","Bacteroidetes_unclassified"
"Otu0780","Otu0780",207,"Proteobacteria","Gammaproteobacteria","Enterobacterales","Enterobacteriaceae","Escherichia/Shigella"
"Otu0781","Otu0781",205,"Firmicutes","Clostridia","Clostridiales","Ruminococcaceae","Ruminococcaceae_unclassified"
"Otu0782","Otu0782",205,"Actinobacteria","Actinobacteria","Micrococcales","Dermabacteraceae","Brachybacterium"
"Otu0785","Otu0785",204,"Bacteroidetes","Chitinophagia","Chitinophagales","Chitinophagaceae","Chitinophagaceae_unclassified"
"Otu0786","Otu0786",203,"Actinobacteria","Coriobacteriia","Eggerthellales","Eggerthellaceae","Rubneribacter"
"Otu0787","Otu0787",202,"Tenericutes","Mollicutes","Mycoplasmoidales","Metamycoplasmataceae","Mycoplasmopsis"
"Otu0788","Otu0788",202,"Actinobacteria","Actinobacteria","Micrococcales","Microbacteriaceae","Microbacteriaceae_unclassified"
"Otu0790","Otu0790",200,"Proteobacteria","Betaproteobacteria","Burkholderiales","Alcaligenaceae","Oligella"
"Otu0791","Otu0791",200,"Firmicutes","Bacilli","Lactobacillales","Carnobacteriaceae","Dolosigranulum"
"Otu0793","Otu0793",199,"Proteobacteria","Betaproteobacteria","Neisseriales","Chromobacteriaceae","Chitinibacter"
"Otu0794","Otu0794",199,"Bacteroidetes","Bacteroidia","Bacteroidales","Porphyromonadaceae","Porphyromonas"
"Otu0795","Otu0795",198,"Firmicutes","Clostridia","Clostridiales","Clostridiales_unclassified","Clostridiales_unclassified"
"Otu0796","Otu0796",198,"Firmicutes","Clostridia","Clostridiales","Peptoniphilaceae","Anaerococcus"
"Otu0797","Otu0797",197,"Proteobacteria","Gammaproteobacteria","Pseudomonadales","Moraxellaceae","Psychrobacter"
"Otu0798","Otu0798",195,"Firmicutes","Clostridia","Clostridiales","Lachnospiraceae","Shuttleworthia"
"Otu0799","Otu0799",194,"Firmicutes","Bacilli","Lactobacillales","Carnobacteriaceae","Alloiococcus"
"Otu0800","Otu0800",194,"Firmicutes","Clostridia","Clostridiales","Clostridiales_Incertae_Sedis_XIII","Clostridiales_Incertae_Sedis_XIII_unclassified"
"Otu0801","Otu0801",194,"Firmicutes","Clostridia","Clostridiales","Ruminococcaceae","Ruminococcaceae_unclassified"
"Otu0802","Otu0802",193,"Bacteria_unclassified","Bacteria_unclassified","Bacteria_unclassified","Bacteria_unclassified","Bacteria_unclassified"
"Otu0805","Otu0805",192,"Proteobacteria","Betaproteobacteria","Burkholderiales","Sutterellaceae","Turicimonas"
"Otu0807","Otu0807",191,"Firmicutes","Clostridia","Clostridiales","Clostridiales_unclassified","Clostridiales_unclassified"
"Otu0808","Otu0808",188,"Proteobacteria","Gammaproteobacteria","Aeromonadales","Succinivibrionaceae","Succinivibrio"
"Otu0810","Otu0810",185,"Firmicutes","Clostridia","Clostridiales","Ruminococcaceae","Ruminococcaceae_unclassified"
"Otu0811","Otu0811",184,"Firmicutes","Clostridia","Clostridiales","Ruminococcaceae","Ruminococcaceae_unclassified"
"Otu0813","Otu0813",183,"Firmicutes","Clostridia","Clostridiales","Clostridiales_unclassified","Clostridiales_unclassified"
"Otu0814","Otu0814",183,"Firmicutes","Clostridia","Clostridiales","Ruminococcaceae","Colidextribacter"
"Otu0815","Otu0815",183,"Firmicutes","Clostridia","Clostridiales","Lachnospiraceae","Lachnospiraceae_unclassified"
"Otu0816","Otu0816",183,"Cyanobacteria/Chloroplast","Cyanobacteria/Chloroplast_unclassified","Cyanobacteria/Chloroplast_unclassified","Cyanobacteria/Chloroplast_unclassified","Cyanobacteria/Chloroplast_unclassified"
"Otu0817","Otu0817",183,"Firmicutes","Bacilli","Lactobacillales","Streptococcaceae","Streptococcus"
"Otu0818","Otu0818",180,"Bacteria_unclassified","Bacteria_unclassified","Bacteria_unclassified","Bacteria_unclassified","Bacteria_unclassified"
"Otu0819","Otu0819",180,"Bacteroidetes","Bacteroidia","Bacteroidales","Bacteroidales_unclassified","Bacteroidales_unclassified"
"Otu0820","Otu0820",179,"Bacteroidetes","Bacteroidia","Bacteroidales","Bacteroidaceae","Bacteroides"
"Otu0821","Otu0821",178,"Bacteroidetes","Bacteroidia","Bacteroidales","Bacteroidaceae","Bacteroidaceae_unclassified"
"Otu0822","Otu0822",178,"Actinobacteria","Actinobacteria","Actinomycetales","Actinomycetaceae","Actinomycetaceae_unclassified"
"Otu0823","Otu0823",176,"Firmicutes","Clostridia","Clostridiales","Clostridiales_unclassified","Clostridiales_unclassified"
"Otu0824","Otu0824",176,"Firmicutes","Clostridia","Clostridiales","Lachnospiraceae","Lachnospiraceae_unclassified"
"Otu0825","Otu0825",175,"Firmicutes","Clostridia","Clostridiales","Lachnospiraceae","Lachnospiraceae_unclassified"
"Otu0826","Otu0826",174,"Firmicutes","Negativicutes","Veillonellales","Veillonellaceae","Dialister"
"Otu0827","Otu0827",174,"Firmicutes","Clostridia","Clostridiales","Ruminococcaceae","Ruminococcaceae_unclassified"
"Otu0828","Otu0828",174,"Firmicutes","Clostridia","Clostridiales","Lachnospiraceae","Coprococcus"
"Otu0829","Otu0829",173,"Firmicutes","Clostridia","Clostridiales","Clostridiales_unclassified","Clostridiales_unclassified"
"Otu0831","Otu0831",172,"Firmicutes","Clostridia","Clostridiales","Ruminococcaceae","Ruminococcaceae_unclassified"
"Otu0832","Otu0832",171,"Firmicutes","Clostridia","Clostridiales","Ruminococcaceae","Ruminococcaceae_unclassified"
"Otu0833","Otu0833",171,"Firmicutes","Clostridia","Clostridiales","Ruminococcaceae","Ruminococcaceae_unclassified"
"Otu0834","Otu0834",171,"Firmicutes","Bacilli","Bacilli_unclassified","Bacilli_unclassified","Bacilli_unclassified"
"Otu0835","Otu0835",171,"Firmicutes","Bacilli","Bacillales","Bacillales_unclassified","Bacillales_unclassified"
"Otu0836","Otu0836",170,"Bacteroidetes","Bacteroidia","Bacteroidales","Prevotellaceae","Prevotella"
"Otu0837","Otu0837",170,"Firmicutes","Clostridia","Clostridiales","Clostridiales_unclassified","Clostridiales_unclassified"
"Otu0838","Otu0838",169,"Firmicutes","Clostridia","Clostridiales","Lachnospiraceae","Lachnospiraceae_unclassified"
"Otu0839","Otu0839",169,"Firmicutes","Clostridia","Clostridiales","Lachnospiraceae","Lachnospiraceae_unclassified"
"Otu0840","Otu0840",167,"Firmicutes","Bacilli","Bacillales","Bacillales_Incertae_Sedis_X","Thermicanus"
"Otu0841","Otu0841",165,"Firmicutes","Clostridia","Clostridiales","Ruminococcaceae","Ruminococcaceae_unclassified"
"Otu0842","Otu0842",165,"Firmicutes","Clostridia","Clostridiales","Ruminococcaceae","Ruminococcaceae_unclassified"
"Otu0843","Otu0843",164,"Bacteroidetes","Bacteroidia","Bacteroidales","Muribaculaceae","Muribaculaceae_unclassified"
"Otu0844","Otu0844",164,"Bacteroidetes","Bacteroidia","Bacteroidales","Prevotellaceae","Prevotella"
"Otu0845","Otu0845",164,"Cyanobacteria/Chloroplast","Cyanobacteria","Family_II","GpIIa","GpIIa_unclassified"
"Otu0846","Otu0846",163,"Bacteroidetes","Bacteroidia","Bacteroidales","Prevotellaceae","Prevotella"
"Otu0847","Otu0847",163,"Actinobacteria","Coriobacteriia","Coriobacteriales","Atopobiaceae","Olsenella"
"Otu0849","Otu0849",162,"Firmicutes","Clostridia","Clostridiales","Peptostreptococcaceae","Peptostreptococcus"
"Otu0850","Otu0850",161,"Firmicutes","Clostridia","Clostridiales","Clostridiales_unclassified","Clostridiales_unclassified"
"Otu0851","Otu0851",160,"Firmicutes","Clostridia","Clostridiales","Clostridiales_unclassified","Clostridiales_unclassified"
"Otu0853","Otu0853",160,"Firmicutes","Clostridia","Clostridiales","Lachnospiraceae","Lachnospiraceae_unclassified"
"Otu0854","Otu0854",159,"Bacteroidetes","Bacteroidetes_unclassified","Bacteroidetes_unclassified","Bacteroidetes_unclassified","Bacteroidetes_unclassified"
"Otu0855","Otu0855",158,"Proteobacteria","Betaproteobacteria","Burkholderiales","Oxalobacteraceae","Massilia"
"Otu0856","Otu0856",158,"Bacteroidetes","Bacteroidetes_unclassified","Bacteroidetes_unclassified","Bacteroidetes_unclassified","Bacteroidetes_unclassified"
"Otu0857","Otu0857",158,"Bacteria_unclassified","Bacteria_unclassified","Bacteria_unclassified","Bacteria_unclassified","Bacteria_unclassified"
"Otu0858","Otu0858",157,"Bacteria_unclassified","Bacteria_unclassified","Bacteria_unclassified","Bacteria_unclassified","Bacteria_unclassified"
"Otu0859","Otu0859",157,"Firmicutes","Clostridia","Clostridiales","Ruminococcaceae","Ruminococcaceae_unclassified"
"Otu0863","Otu0863",154,"Fusobacteria","Fusobacteriia","Fusobacteriales","Leptotrichiaceae","Leptotrichia"
"Otu0865","Otu0865",153,"Firmicutes","Clostridia","Clostridiales","Lachnospiraceae","Lachnospiraceae_unclassified"
"Otu0866","Otu0866",153,"Firmicutes","Bacilli","Bacilli_unclassified","Bacilli_unclassified","Bacilli_unclassified"
"Otu0867","Otu0867",152,"Firmicutes","Clostridia","Clostridiales","Lachnospiraceae","Blautia"
"Otu0869","Otu0869",150,"Actinobacteria","Coriobacteriia","Eggerthellales","Eggerthellaceae","Slackia"
"Otu0870","Otu0870",149,"Bacteroidetes","Bacteroidia","Bacteroidales","Prevotellaceae","Alloprevotella"
"Otu0871","Otu0871",149,"Actinobacteria","Actinobacteria","Mycobacteriales","Corynebacteriaceae","Corynebacterium"
"Otu0872","Otu0872",147,"Bacteria_unclassified","Bacteria_unclassified","Bacteria_unclassified","Bacteria_unclassified","Bacteria_unclassified"
"Otu0875","Otu0875",146,"Bacteroidetes","Bacteroidia","Bacteroidales","Dysgonomonadaceae","Dysgonomonas"
"Otu0876","Otu0876",146,"Firmicutes","Bacilli","Lactobacillales","Streptococcaceae","Streptococcus"
"Otu0877","Otu0877",145,"Firmicutes","Bacilli","Lactobacillales","Carnobacteriaceae","Granulicatella"
"Otu0878","Otu0878",144,"Firmicutes","Firmicutes_unclassified","Firmicutes_unclassified","Firmicutes_unclassified","Firmicutes_unclassified"
"Otu0879","Otu0879",144,"Firmicutes","Firmicutes_unclassified","Firmicutes_unclassified","Firmicutes_unclassified","Firmicutes_unclassified"
"Otu0883","Otu0883",142,"Bacteroidetes","Bacteroidia","Bacteroidales","Rikenellaceae","Alistipes"
"Otu0884","Otu0884",142,"Firmicutes","Clostridia","Clostridiales","Lachnospiraceae","Lachnoanaerobaculum"
"Otu0885","Otu0885",140,"Firmicutes","Bacilli","Lactobacillales","Aerococcaceae","Aerococcaceae_unclassified"
"Otu0886","Otu0886",140,"Firmicutes","Clostridia","Clostridiales","Peptoniphilaceae","Kallipyga"
"Otu0887","Otu0887",140,"Firmicutes","Bacilli","Lactobacillales","Lactobacillaceae","Leuconostoc"
"Otu0889","Otu0889",140,"Firmicutes","Clostridia","Clostridiales","Lachnospiraceae","Lachnospiraceae_unclassified"
"Otu0890","Otu0890",139,"Bacteria_unclassified","Bacteria_unclassified","Bacteria_unclassified","Bacteria_unclassified","Bacteria_unclassified"
"Otu0891","Otu0891",139,"Bacteroidetes","Bacteroidia","Bacteroidales","Bacteroidaceae","Phocaeicola"
"Otu0892","Otu0892",138,"Firmicutes","Clostridia","Clostridiales","Lachnospiraceae","Lachnospiraceae_unclassified"
"Otu0893","Otu0893",138,"Actinobacteria","Coriobacteriia","Coriobacteriales","Atopobiaceae","Olsenella"
"Otu0896","Otu0896",136,"Firmicutes","Clostridia","Clostridiales","Lachnospiraceae","Lachnospiraceae_unclassified"
"Otu0897","Otu0897",135,"Firmicutes","Clostridia","Clostridiales","Ruminococcaceae","Ruminococcaceae_unclassified"
"Otu0898","Otu0898",135,"Firmicutes","Clostridia","Clostridiales","Clostridiales_unclassified","Clostridiales_unclassified"
"Otu0899","Otu0899",134,"Firmicutes","Clostridia","Clostridiales","Clostridiales_unclassified","Clostridiales_unclassified"
"Otu0900","Otu0900",134,"Planctomycetes","Planctomycetacia","Pirellulales","Pirellulales_unclassified","Pirellulales_unclassified"
"Otu0902","Otu0902",134,"Bacteroidetes","Bacteroidia","Bacteroidales","Bacteroidaceae","Bacteroides"
"Otu0903","Otu0903",133,"Firmicutes","Bacilli","Bacillales","Paenibacillaceae_1","Paenibacillus"
"Otu0905","Otu0905",132,"Firmicutes","Clostridia","Clostridiales","Lachnospiraceae","Blautia"
"Otu0906","Otu0906",132,"Bacteroidetes","Bacteroidia","Bacteroidales","Rikenellaceae","Alistipes"
"Otu0907","Otu0907",131,"Actinobacteria","Actinobacteria","Bifidobacteriales","Bifidobacteriaceae","Scardovia"
"Otu0908","Otu0908",131,"Actinobacteria","Actinobacteria","Mycobacteriales","Corynebacteriaceae","Corynebacterium"
"Otu0910","Otu0910",131,"Proteobacteria","Alphaproteobacteria","Caulobacterales","Caulobacteraceae","Brevundimonas"
"Otu0911","Otu0911",131,"Firmicutes","Clostridia","Clostridiales","Ruminococcaceae","Ruminococcaceae_unclassified"
"Otu0912","Otu0912",130,"Firmicutes","Clostridia","Clostridiales","Ruminococcaceae","Ruminococcaceae_unclassified"
"Otu0913","Otu0913",128,"Firmicutes","Clostridia","Clostridiales","Lachnospiraceae","Howardella"
"Otu0914","Otu0914",127,"Proteobacteria","Gammaproteobacteria","Pseudomonadales","Pseudomonadaceae","Pseudomonas"
"Otu0916","Otu0916",125,"Firmicutes","Clostridia","Clostridiales","Lachnospiraceae","Lachnospiraceae_unclassified"
"Otu0917","Otu0917",125,"Firmicutes","Firmicutes_unclassified","Firmicutes_unclassified","Firmicutes_unclassified","Firmicutes_unclassified"
"Otu0918","Otu0918",125,"Firmicutes","Clostridia","Clostridiales","Peptoniphilaceae","Peptoniphilus"
"Otu0920","Otu0920",124,"Bacteria_unclassified","Bacteria_unclassified","Bacteria_unclassified","Bacteria_unclassified","Bacteria_unclassified"
"Otu0921","Otu0921",124,"Planctomycetes","Planctomycetacia","Planctomycetales","Gemmataceae","Gemmataceae_unclassified"
"Otu0924","Otu0924",123,"Proteobacteria","Gammaproteobacteria","Pasteurellales","Pasteurellaceae","Actinobacillus"
"Otu0925","Otu0925",123,"Firmicutes","Clostridia","Clostridiales","Lachnospiraceae","Lachnospiraceae_unclassified"
"Otu0927","Otu0927",122,"Proteobacteria","Proteobacteria_unclassified","Proteobacteria_unclassified","Proteobacteria_unclassified","Proteobacteria_unclassified"
"Otu0929","Otu0929",121,"Firmicutes","Negativicutes","Negativicutes_unclassified","Negativicutes_unclassified","Negativicutes_unclassified"
"Otu0931","Otu0931",121,"Firmicutes","Bacilli","Bacillales","Bacillales_unclassified","Bacillales_unclassified"
"Otu0934","Otu0934",120,"Bacteria_unclassified","Bacteria_unclassified","Bacteria_unclassified","Bacteria_unclassified","Bacteria_unclassified"
"Otu0936","Otu0936",119,"Firmicutes","Firmicutes_unclassified","Firmicutes_unclassified","Firmicutes_unclassified","Firmicutes_unclassified"
"Otu0938","Otu0938",118,"Firmicutes","Clostridia","Clostridiales","Ruminococcaceae","Negativibacillus"
"Otu0939","Otu0939",117,"Firmicutes","Clostridia","Clostridiales","Lachnospiraceae","Anaerostipes"
"Otu0940","Otu0940",117,"Bacteroidetes","Bacteroidia","Bacteroidales","Bacteroidaceae","Bacteroides"
"Otu0942","Otu0942",116,"Bacteria_unclassified","Bacteria_unclassified","Bacteria_unclassified","Bacteria_unclassified","Bacteria_unclassified"
"Otu0943","Otu0943",116,"Firmicutes","Clostridia","Clostridiales","Ruminococcaceae","Ruminococcaceae_unclassified"
"Otu0944","Otu0944",115,"Proteobacteria","Betaproteobacteria","Nitrosomonadales","Nitrosomonadaceae","Nitrosomonas"
"Otu0945","Otu0945",115,"Firmicutes","Firmicutes_unclassified","Firmicutes_unclassified","Firmicutes_unclassified","Firmicutes_unclassified"
"Otu0948","Otu0948",114,"Parcubacteria","Parcubacteria_unclassified","Parcubacteria_unclassified","Parcubacteria_unclassified","Parcubacteria_unclassified"
"Otu0949","Otu0949",114,"Bacteroidetes","Flavobacteriia","Flavobacteriales","Flavobacteriaceae","Capnocytophaga"
"Otu0951","Otu0951",112,"Firmicutes","Clostridia","Clostridiales","Lachnospiraceae","Oribacterium"
"Otu0952","Otu0952",112,"Proteobacteria","Gammaproteobacteria","Enterobacterales","Morganellaceae","Proteus"
"Otu0953","Otu0953",110,"Firmicutes","Clostridia","Clostridiales","Ruminococcaceae","Intestinimonas"
"Otu0956","Otu0956",109,"Fusobacteria","Fusobacteriia","Fusobacteriales","Leptotrichiaceae","Leptotrichia"
"Otu0958","Otu0958",108,"Firmicutes","Firmicutes_unclassified","Firmicutes_unclassified","Firmicutes_unclassified","Firmicutes_unclassified"
"Otu0959","Otu0959",108,"Firmicutes","Clostridia","Clostridiales","Tissierellaceae","Anaerosalibacter"
"Otu0960","Otu0960",107,"Bacteroidetes","Bacteroidia","Bacteroidales","Prevotellaceae","Prevotellaceae_unclassified"
"Otu0961","Otu0961",107,"Firmicutes","Clostridia","Clostridia_unclassified","Clostridia_unclassified","Clostridia_unclassified"
"Otu0963","Otu0963",106,"Firmicutes","Clostridia","Clostridiales","Peptostreptococcaceae","Paeniclostridium"
"Otu0964","Otu0964",106,"Planctomycetes","Planctomycetacia","Planctomycetales","Planctomycetaceae","Planctomycetaceae_unclassified"
"Otu0965","Otu0965",105,"Proteobacteria","Alphaproteobacteria","Caulobacterales","Caulobacteraceae","Brevundimonas"
"Otu0967","Otu0967",105,"Bacteria_unclassified","Bacteria_unclassified","Bacteria_unclassified","Bacteria_unclassified","Bacteria_unclassified"
"Otu0968","Otu0968",105,"Bacteroidetes","Bacteroidia","Bacteroidales","Bacteroidales_unclassified","Bacteroidales_unclassified"
"Otu0969","Otu0969",105,"Firmicutes","Clostridia","Clostridiales","Lachnospiraceae","Lachnospiraceae_unclassified"
"Otu0970","Otu0970",104,"Firmicutes","Firmicutes_unclassified","Firmicutes_unclassified","Firmicutes_unclassified","Firmicutes_unclassified"
"Otu0971","Otu0971",104,"Firmicutes","Clostridia","Clostridiales","Lachnospiraceae","Anaerobutyricum"
"Otu0972","Otu0972",104,"Actinobacteria","Actinobacteria","Actinomycetales","Actinomycetaceae","Winkia"
"Otu0973","Otu0973",103,"Bacteroidetes","Bacteroidia","Bacteroidales","Prevotellaceae","Prevotellaceae_unclassified"
"Otu0975","Otu0975",103,"Armatimonadetes","Armatimonadetes_gp5","Armatimonadetes_gp5_unclassified","Armatimonadetes_gp5_unclassified","Armatimonadetes_gp5_unclassified"
"Otu0976","Otu0976",102,"Actinobacteria","Actinobacteria","Bifidobacteriales","Bifidobacteriaceae","Bifidobacterium"
"Otu0977","Otu0977",102,"Firmicutes","Bacilli","Bacillales","Bacillales_unclassified","Bacillales_unclassified"
"Otu0979","Otu0979",101,"Firmicutes","Clostridia","Clostridiales","Ruminococcaceae","Fournierella"
"Otu0980","Otu0980",101,"Bacteria_unclassified","Bacteria_unclassified","Bacteria_unclassified","Bacteria_unclassified","Bacteria_unclassified"
"Otu0982","Otu0982",101,"Firmicutes","Clostridia","Clostridiales","Lachnospiraceae","Lachnospiraceae_unclassified"
"Otu0985","Otu0985",99,"Firmicutes","Clostridia","Clostridiales","Ruminococcaceae","Butyricicoccus"
"Otu0987","Otu0987",98,"Firmicutes","Clostridia","Clostridiales","Ruminococcaceae","Ruminococcaceae_unclassified"
"Otu0988","Otu0988",98,"Bacteroidetes","Bacteroidia","Bacteroidales","Prevotellaceae","Prevotella"
"Otu0989","Otu0989",98,"Firmicutes","Clostridia","Clostridiales","Ruminococcaceae","Oscillibacter"
"Otu0991","Otu0991",97,"Firmicutes","Clostridia","Clostridia_unclassified","Clostridia_unclassified","Clostridia_unclassified"
"Otu0992","Otu0992",97,"Firmicutes","Clostridia","Clostridiales","Lachnospiraceae","Anaerotignum"
"Otu0995","Otu0995",95,"Firmicutes","Clostridia","Clostridiales","Lachnospiraceae","Lachnospiraceae_unclassified"
"Otu0998","Otu0998",95,"Firmicutes","Clostridia","Clostridiales","Lachnospiraceae","Lachnospiraceae_unclassified"
"Otu0999","Otu0999",95,"Bacteroidetes","Bacteroidia","Bacteroidales","Muribaculaceae","Muribaculaceae_unclassified"
"Otu1000","Otu1000",94,"Firmicutes","Clostridia","Clostridiales","Ruminococcaceae","Ruminococcaceae_unclassified"
"Otu1001","Otu1001",93,"Firmicutes","Bacilli","Lactobacillales","Lactobacillales_unclassified","Lactobacillales_unclassified"
"Otu1003","Otu1003",93,"Bacteria_unclassified","Bacteria_unclassified","Bacteria_unclassified","Bacteria_unclassified","Bacteria_unclassified"
"Otu1004","Otu1004",93,"Proteobacteria","Gammaproteobacteria","Gammaproteobacteria_unclassified","Gammaproteobacteria_unclassified","Gammaproteobacteria_unclassified"
"Otu1010","Otu1010",91,"Proteobacteria","Betaproteobacteria","Neisseriales","Neisseriaceae","Neisseria"
"Otu1011","Otu1011",91,"Bacteroidetes","Sphingobacteriia","Sphingobacteriales","Sphingobacteriaceae","Sphingobacterium"
"Otu1012","Otu1012",91,"Firmicutes","Clostridia","Clostridiales","Clostridiales_unclassified","Clostridiales_unclassified"
"Otu1017","Otu1017",90,"Firmicutes","Clostridia","Clostridiales","Clostridiales_unclassified","Clostridiales_unclassified"
"Otu1018","Otu1018",90,"Firmicutes","Clostridia","Clostridiales","Lachnospiraceae","Lachnospiraceae_unclassified"
"Otu1019","Otu1019",89,"Bacteroidetes","Bacteroidia","Bacteroidales","Porphyromonadaceae","Porphyromonas"
"Otu1020","Otu1020",89,"Proteobacteria","Betaproteobacteria","Burkholderiales","Alcaligenaceae","Achromobacter"
"Otu1021","Otu1021",88,"Bacteria_unclassified","Bacteria_unclassified","Bacteria_unclassified","Bacteria_unclassified","Bacteria_unclassified"
"Otu1022","Otu1022",88,"Firmicutes","Clostridia","Clostridiales","Lachnospiraceae","Lachnospiraceae_unclassified"
"Otu1023","Otu1023",88,"Firmicutes","Clostridia","Clostridiales","Ruminococcaceae","Ruminococcaceae_unclassified"
"Otu1025","Otu1025",88,"Bacteria_unclassified","Bacteria_unclassified","Bacteria_unclassified","Bacteria_unclassified","Bacteria_unclassified"
"Otu1028","Otu1028",87,"Proteobacteria","Gammaproteobacteria","Pseudomonadales","Moraxellaceae","Acinetobacter"
"Otu1032","Otu1032",86,"Actinobacteria","Actinobacteria","Pseudonocardiales","Pseudonocardiaceae","Pseudonocardia"
"Otu1033","Otu1033",86,"Bacteria_unclassified","Bacteria_unclassified","Bacteria_unclassified","Bacteria_unclassified","Bacteria_unclassified"
"Otu1036","Otu1036",85,"Actinobacteria","Actinobacteria","Mycobacteriales","Corynebacteriaceae","Corynebacterium"
"Otu1037","Otu1037",85,"Firmicutes","Clostridia","Clostridiales","Clostridiales_unclassified","Clostridiales_unclassified"
"Otu1038","Otu1038",85,"Fusobacteria","Fusobacteriia","Fusobacteriales","Leptotrichiaceae","Leptotrichia"
"Otu1041","Otu1041",84,"Firmicutes","Clostridia","Clostridiales","Ruminococcaceae","Anaerotruncus"
"Otu1043","Otu1043",83,"Firmicutes","Clostridia","Clostridiales","Ruminococcaceae","Ruminococcaceae_unclassified"
"Otu1045","Otu1045",83,"Bacteroidetes","Bacteroidetes_unclassified","Bacteroidetes_unclassified","Bacteroidetes_unclassified","Bacteroidetes_unclassified"
"Otu1046","Otu1046",83,"Firmicutes","Negativicutes","Veillonellales","Veillonellaceae","Veillonella"
"Otu1048","Otu1048",82,"Firmicutes","Clostridia","Clostridiales","Lachnospiraceae","Lachnospiraceae_unclassified"
"Otu1049","Otu1049",82,"Firmicutes","Bacilli","Lactobacillales","Lactobacillaceae","Leuconostoc"
"Otu1051","Otu1051",81,"Proteobacteria","Gammaproteobacteria","Enterobacterales","Enterobacterales_unclassified","Enterobacterales_unclassified"
"Otu1056","Otu1056",80,"Firmicutes","Clostridia","Clostridiales","Ruminococcaceae","Ruminococcaceae_unclassified"
"Otu1059","Otu1059",80,"Proteobacteria","Gammaproteobacteria","Legionellales","Legionellaceae","Legionella"
"Otu1060","Otu1060",79,"Firmicutes","Negativicutes","Veillonellales","Veillonellaceae","Veillonellaceae_unclassified"
"Otu1063","Otu1063",79,"Firmicutes","Clostridia","Clostridiales","Clostridiales_unclassified","Clostridiales_unclassified"
"Otu1066","Otu1066",79,"Firmicutes","Clostridia","Clostridiales","Lachnospiraceae","Blautia"
"Otu1067","Otu1067",78,"Fusobacteria","Fusobacteriia","Fusobacteriales","Fusobacteriaceae","Fusobacterium"
"Otu1069","Otu1069",78,"Firmicutes","Clostridia","Clostridiales","Ruminococcaceae","Ruminococcaceae_unclassified"
"Otu1073","Otu1073",78,"Firmicutes","Negativicutes","Veillonellales","Veillonellaceae","Veillonellaceae_unclassified"
"Otu1076","Otu1076",77,"Firmicutes","Clostridia","Clostridiales","Ruminococcaceae","Ruminococcaceae_unclassified"
"Otu1077","Otu1077",77,"Bacteroidetes","Bacteroidia","Bacteroidales","Prevotellaceae","Prevotellaceae_unclassified"
"Otu1079","Otu1079",76,"Parcubacteria","Parcubacteria_unclassified","Parcubacteria_unclassified","Parcubacteria_unclassified","Parcubacteria_unclassified"
"Otu1080","Otu1080",76,"Proteobacteria","Gammaproteobacteria","Enterobacterales","Enterobacteriaceae","Enterobacteriaceae_unclassified"
"Otu1086","Otu1086",75,"Firmicutes","Bacilli","Bacillales","Staphylococcaceae","Staphylococcaceae_unclassified"
"Otu1087","Otu1087",75,"Firmicutes","Clostridia","Clostridiales","Lachnospiraceae","Lachnospiraceae_unclassified"
"Otu1088","Otu1088",75,"Bacteroidetes","Bacteroidia","Bacteroidales","Bacteroidaceae","Bacteroides"
"Otu1089","Otu1089",75,"Firmicutes","Clostridia","Clostridiales","Clostridiaceae_1","Clostridium_sensu_stricto"
"Otu1090","Otu1090",75,"Firmicutes","Negativicutes","Veillonellales","Veillonellaceae","Veillonella"
"Otu1093","Otu1093",75,"Actinobacteria","Coriobacteriia","Eggerthellales","Eggerthellaceae","Slackia"
"Otu1095","Otu1095",74,"Proteobacteria","Betaproteobacteria","Burkholderiales","Comamonadaceae","Hydrogenophaga"
"Otu1096","Otu1096",74,"Firmicutes","Clostridia","Clostridiales","Ruminococcaceae","Ruminococcaceae_unclassified"
"Otu1098","Otu1098",73,"Bacteria_unclassified","Bacteria_unclassified","Bacteria_unclassified","Bacteria_unclassified","Bacteria_unclassified"
"Otu1099","Otu1099",73,"Firmicutes","Bacilli","Lactobacillales","Lactobacillales_unclassified","Lactobacillales_unclassified"
"Otu1101","Otu1101",73,"Proteobacteria","Gammaproteobacteria","Xanthomonadales","Xanthomonadaceae","Stenotrophomonas"
"Otu1102","Otu1102",72,"Firmicutes","Clostridia","Clostridiales","Clostridiaceae_1","Clostridiaceae_1_unclassified"
"Otu1103","Otu1103",72,"Bacteroidetes","Bacteroidia","Bacteroidales","Bacteroidaceae","Bacteroidaceae_unclassified"
"Otu1106","Otu1106",72,"Bacteroidetes","Bacteroidia","Bacteroidales","Rikenellaceae","Alistipes"
"Otu1107","Otu1107",71,"Bacteroidetes","Bacteroidia","Bacteroidales","Bacteroidales_unclassified","Bacteroidales_unclassified"
"Otu1108","Otu1108",71,"Proteobacteria","Gammaproteobacteria","Xanthomonadales","Xanthomonadaceae","Luteimonas"
"Otu1112","Otu1112",70,"Bacteroidetes","Bacteroidia","Bacteroidales","Muribaculaceae","Paramuribaculum"
"Otu1114","Otu1114",70,"Firmicutes","Bacilli","Bacillales","Bacillales_unclassified","Bacillales_unclassified"
"Otu1117","Otu1117",70,"Bacteroidetes","Bacteroidia","Bacteroidales","Prevotellaceae","Prevotella"
"Otu1119","Otu1119",70,"Actinobacteria","Actinobacteria","Mycobacteriales","Gordoniaceae","Gordonia"
"Otu1122","Otu1122",69,"Firmicutes","Clostridia","Clostridiales","Clostridiales_unclassified","Clostridiales_unclassified"
"Otu1125","Otu1125",69,"Bacteria_unclassified","Bacteria_unclassified","Bacteria_unclassified","Bacteria_unclassified","Bacteria_unclassified"
"Otu1126","Otu1126",69,"Firmicutes","Clostridia","Clostridiales","Lachnospiraceae","Lachnospiraceae_unclassified"
"Otu1127","Otu1127",69,"Bacteroidetes","Bacteroidia","Bacteroidales","Bacteroidaceae","Bacteroidaceae_unclassified"
"Otu1129","Otu1129",69,"Bacteroidetes","Bacteroidia","Bacteroidales","Prevotellaceae","Prevotella"
"Otu1130","Otu1130",69,"Bacteroidetes","Cytophagia","Cytophagales","Hymenobacteraceae","Hymenobacter"
"Otu1134","Otu1134",68,"Proteobacteria","Gammaproteobacteria","Gammaproteobacteria_unclassified","Gammaproteobacteria_unclassified","Gammaproteobacteria_unclassified"
"Otu1137","Otu1137",67,"Actinobacteria","Actinobacteria","Mycobacteriales","Corynebacteriaceae","Corynebacterium"
"Otu1140","Otu1140",67,"Firmicutes","Clostridia","Clostridiales","Lachnospiraceae","Blautia"
"Otu1141","Otu1141",67,"Proteobacteria","Gammaproteobacteria","Pasteurellales","Pasteurellaceae","Haemophilus"
"Otu1143","Otu1143",66,"Firmicutes","Bacilli","Lactobacillales","Streptococcaceae","Streptococcus"
"Otu1146","Otu1146",66,"Firmicutes","Clostridia","Clostridiales","Clostridiales_unclassified","Clostridiales_unclassified"
"Otu1147","Otu1147",66,"Proteobacteria","Alphaproteobacteria","Sphingomonadales","Sphingomonadaceae","Sphingomonas"
"Otu1148","Otu1148",66,"Bacteroidetes","Bacteroidetes_unclassified","Bacteroidetes_unclassified","Bacteroidetes_unclassified","Bacteroidetes_unclassified"
"Otu1149","Otu1149",65,"Actinobacteria","Actinobacteria","Micrococcales","Microbacteriaceae","Rhodoluna"
"Otu1153","Otu1153",65,"Actinobacteria","Actinobacteria","Actinomycetales","Actinomycetaceae","Actinomycetaceae_unclassified"
"Otu1154","Otu1154",65,"Bacteroidetes","Bacteroidia","Bacteroidales","Prevotellaceae","Prevotella"
"Otu1155","Otu1155",65,"Bacteroidetes","Bacteroidia","Bacteroidales","Bacteroidales_unclassified","Bacteroidales_unclassified"
"Otu1158","Otu1158",64,"Firmicutes","Clostridia","Clostridiales","Ruminococcaceae","Flintibacter"
"Otu1162","Otu1162",63,"Bacteroidetes","Bacteroidia","Bacteroidales","Muribaculaceae","Muribaculaceae_unclassified"
"Otu1169","Otu1169",62,"Actinobacteria","Actinobacteria","Actinomycetales","Actinomycetaceae","Arcanobacterium"
"Otu1170","Otu1170",62,"Proteobacteria","Gammaproteobacteria","Pseudomonadales","Pseudomonadaceae","Pseudomonas"
"Otu1171","Otu1171",61,"Firmicutes","Clostridia","Clostridiales","Ruminococcaceae","Oscillibacter"
"Otu1175","Otu1175",61,"Firmicutes","Bacilli","Lactobacillales","Lactobacillaceae","Lactobacillaceae_unclassified"
"Otu1176","Otu1176",60,"Firmicutes","Clostridia","Clostridiales","Clostridiales_unclassified","Clostridiales_unclassified"
"Otu1177","Otu1177",60,"Firmicutes","Clostridia","Clostridiales","Lachnospiraceae","Anaerotignum"
"Otu1178","Otu1178",60,"Firmicutes","Bacilli","Lactobacillales","Lactobacillales_unclassified","Lactobacillales_unclassified"
"Otu1179","Otu1179",60,"Synergistetes","Synergistia","Synergistales","Synergistaceae","Jonquetella"
"Otu1180","Otu1180",60,"Actinobacteria","Actinobacteria","Actinomycetales","Actinomycetaceae","Mobiluncus"
"Otu1182","Otu1182",60,"Proteobacteria","Oligoflexia","Oligoflexales","Oligoflexaceae","Oligoflexus"
"Otu1185","Otu1185",60,"Firmicutes","Clostridia","Clostridiales","Clostridiales_Incertae_Sedis_XIII","Clostridiales_Incertae_Sedis_XIII_unclassified"
"Otu1187","Otu1187",59,"Acidobacteria","Acidobacteria_Gp6","Gp6","Gp6_unclassified","Gp6_unclassified"
"Otu1188","Otu1188",59,"Bacteria_unclassified","Bacteria_unclassified","Bacteria_unclassified","Bacteria_unclassified","Bacteria_unclassified"
"Otu1189","Otu1189",59,"Cyanobacteria/Chloroplast","Cyanobacteria","Cyanobacteria_unclassified","Cyanobacteria_unclassified","Cyanobacteria_unclassified"
"Otu1190","Otu1190",59,"Firmicutes","Negativicutes","Veillonellales","Veillonellaceae","Megasphaera"
"Otu1194","Otu1194",58,"Bacteroidetes","Bacteroidia","Bacteroidales","Bacteroidaceae","Bacteroides"
"Otu1200","Otu1200",58,"Firmicutes","Bacilli","Bacillales","Staphylococcaceae","Staphylococcaceae_unclassified"
"Otu1203","Otu1203",57,"Firmicutes","Clostridia","Clostridiales","Ruminococcaceae","Ruminococcaceae_unclassified"
"Otu1208","Otu1208",57,"Firmicutes","Clostridia","Clostridiales","Eubacteriaceae","Pseudoramibacter"
"Otu1211","Otu1211",56,"Bacteroidetes","Saprospiria","Saprospirales","Saprospiraceae","Aureispira"
"Otu1212","Otu1212",56,"Bacteria_unclassified","Bacteria_unclassified","Bacteria_unclassified","Bacteria_unclassified","Bacteria_unclassified"
"Otu1217","Otu1217",56,"Bacteroidetes","Bacteroidia","Bacteroidales","Bacteroidales_unclassified","Bacteroidales_unclassified"
"Otu1229","Otu1229",54,"Tenericutes","Mollicutes","Mycoplasmoidales","Metamycoplasmataceae","Metamycoplasma"
"Otu1232","Otu1232",54,"Firmicutes","Erysipelotrichia","Erysipelotrichales","Erysipelotrichaceae","Erysipelotrichaceae_unclassified"
"Otu1233","Otu1233",54,"Actinobacteria","Actinobacteria","Micrococcales","Microbacteriaceae","Microbacteriaceae_unclassified"
"Otu1234","Otu1234",53,"Firmicutes","Clostridia","Clostridiales","Clostridiales_unclassified","Clostridiales_unclassified"
"Otu1235","Otu1235",53,"Firmicutes","Clostridia","Clostridiales","Lachnospiraceae","Lachnospiraceae_unclassified"
"Otu1236","Otu1236",53,"Firmicutes","Bacilli","Bacillales","Bacillales_unclassified","Bacillales_unclassified"
"Otu1237","Otu1237",53,"Bacteria_unclassified","Bacteria_unclassified","Bacteria_unclassified","Bacteria_unclassified","Bacteria_unclassified"
"Otu1239","Otu1239",53,"Firmicutes","Erysipelotrichia","Erysipelotrichales","Erysipelotrichaceae","Erysipelotrichaceae_unclassified"
"Otu1241","Otu1241",53,"Firmicutes","Clostridia","Clostridiales","Clostridiales_unclassified","Clostridiales_unclassified"
"Otu1244","Otu1244",52,"Actinobacteria","Actinobacteria","Actinomycetales","Actinomycetaceae","Varibaculum"
"Otu1247","Otu1247",52,"Bacteroidetes","Bacteroidia","Bacteroidales","Bacteroidaceae","Bacteroides"
"Otu1248","Otu1248",52,"Firmicutes","Bacilli","Lactobacillales","Aerococcaceae","Globicatella"
"Otu1251","Otu1251",52,"Firmicutes","Clostridia","Clostridiales","Lachnospiraceae","Lachnospiraceae_unclassified"
"Otu1252","Otu1252",52,"Bacteroidetes","Bacteroidia","Bacteroidales","Prevotellaceae","Prevotella"
"Otu1253","Otu1253",52,"Actinobacteria","Actinobacteria_unclassified","Actinobacteria_unclassified","Actinobacteria_unclassified","Actinobacteria_unclassified"
"Otu1255","Otu1255",52,"Proteobacteria","Alphaproteobacteria","Rhodospirillales","Rhodospirillales_unclassified","Rhodospirillales_unclassified"
"Otu1257","Otu1257",51,"Bacteroidetes","Bacteroidia","Bacteroidales","Barnesiellaceae","Barnesiella"
"Otu1258","Otu1258",51,"Proteobacteria","Proteobacteria_unclassified","Proteobacteria_unclassified","Proteobacteria_unclassified","Proteobacteria_unclassified"
"Otu1262","Otu1262",50,"Fusobacteria","Fusobacteriia","Fusobacteriales","Leptotrichiaceae","Leptotrichiaceae_unclassified"
"Otu1274","Otu1274",49,"Proteobacteria","Alphaproteobacteria","SAR11","Candidatus_Pelagibacter","Candidatus_Pelagibacter_unclassified"
"Otu1278","Otu1278",49,"Bacteroidetes","Saprospiria","Saprospirales","Saprospirales_unclassified","Saprospirales_unclassified"
"Otu1280","Otu1280",48,"Firmicutes","Clostridia","Clostridiales","Ruminococcaceae","Butyricicoccus"
"Otu1284","Otu1284",47,"Firmicutes","Bacilli","Lactobacillales","Lactobacillaceae","Limosilactobacillus"
"Otu1286","Otu1286",47,"Proteobacteria","Gammaproteobacteria","Enterobacterales","Enterobacterales_unclassified","Enterobacterales_unclassified"
"Otu1289","Otu1289",47,"Firmicutes","Clostridia","Clostridiales","Clostridiales_unclassified","Clostridiales_unclassified"
"Otu1290","Otu1290",47,"Firmicutes","Bacilli","Bacillales","Bacillaceae_1","Bacillaceae_1_unclassified"
"Otu1292","Otu1292",47,"Bacteria_unclassified","Bacteria_unclassified","Bacteria_unclassified","Bacteria_unclassified","Bacteria_unclassified"
"Otu1293","Otu1293",47,"Bacteria_unclassified","Bacteria_unclassified","Bacteria_unclassified","Bacteria_unclassified","Bacteria_unclassified"
"Otu1296","Otu1296",47,"Planctomycetes","Planctomycetacia","Planctomycetales","Planctomycetales_unclassified","Planctomycetales_unclassified"
"Otu1297","Otu1297",46,"Acidobacteria","Acidobacteria_Gp4","Gp4","Gp4_unclassified","Gp4_unclassified"
"Otu1299","Otu1299",46,"Bacteroidetes","Flavobacteriia","Flavobacteriales","Weeksellaceae","Moheibacter"
"Otu1300","Otu1300",46,"Firmicutes","Clostridia","Clostridiales","Lachnospiraceae","Lachnospiraceae_unclassified"
"Otu1306","Otu1306",46,"Bacteroidetes","Bacteroidetes_unclassified","Bacteroidetes_unclassified","Bacteroidetes_unclassified","Bacteroidetes_unclassified"
"Otu1310","Otu1310",45,"Actinobacteria","Actinobacteria","Propionibacteriales","Nocardioidaceae","Nocardioides"
"Otu1312","Otu1312",45,"Firmicutes","Clostridia","Clostridiales","Clostridiaceae_1","Clostridiaceae_1_unclassified"
"Otu1313","Otu1313",45,"Firmicutes","Bacilli","Bacilli_unclassified","Bacilli_unclassified","Bacilli_unclassified"
"Otu1317","Otu1317",45,"Proteobacteria","Alphaproteobacteria","SAR11","Candidatus_Pelagibacter","Candidatus_Pelagibacter_unclassified"
"Otu1318","Otu1318",44,"Firmicutes","Clostridia","Clostridiales","Lachnospiraceae","Lachnospiraceae_unclassified"
"Otu1319","Otu1319",44,"Bacteria_unclassified","Bacteria_unclassified","Bacteria_unclassified","Bacteria_unclassified","Bacteria_unclassified"
"Otu1321","Otu1321",44,"Firmicutes","Bacilli","Bacillales","Bacillales_unclassified","Bacillales_unclassified"
"Otu1324","Otu1324",44,"Firmicutes","Bacilli","Bacillales","Bacillales_unclassified","Bacillales_unclassified"
"Otu1326","Otu1326",44,"Actinobacteria","Actinobacteria","Micrococcales","Microbacteriaceae","Microbacteriaceae_unclassified"
"Otu1328","Otu1328",44,"Firmicutes","Bacilli","Bacillales","Bacillales_unclassified","Bacillales_unclassified"
"Otu1329","Otu1329",44,"Firmicutes","Clostridia","Clostridiales","Clostridiales_unclassified","Clostridiales_unclassified"
"Otu1331","Otu1331",44,"Bacteroidetes","Flavobacteriia","Flavobacteriales","Flavobacteriaceae","Flavobacterium"
"Otu1332","Otu1332",43,"Proteobacteria","Alphaproteobacteria","Rhizobiales","Phyllobacteriaceae","Aminobacter"
"Otu1337","Otu1337",43,"Actinobacteria","Coriobacteriia","Coriobacteriales","Atopobiaceae","Olsenella"
"Otu1339","Otu1339",43,"Proteobacteria","Betaproteobacteria","Betaproteobacteria_unclassified","Betaproteobacteria_unclassified","Betaproteobacteria_unclassified"
"Otu1342","Otu1342",42,"Firmicutes","Clostridia","Clostridiales","Lachnospiraceae","Lachnospiraceae_unclassified"
"Otu1344","Otu1344",42,"Actinobacteria","Actinobacteria","Mycobacteriales","Corynebacteriaceae","Corynebacterium"
"Otu1346","Otu1346",42,"Firmicutes","Bacilli","Lactobacillales","Lactobacillaceae","Lactobacillaceae_unclassified"
"Otu1347","Otu1347",42,"Bacteroidetes","Flavobacteriia","Flavobacteriales","Flavobacteriales_unclassified","Flavobacteriales_unclassified"
"Otu1350","Otu1350",41,"Actinobacteria","Actinobacteria","Mycobacteriales","Nocardiaceae","Rhodococcus"
"Otu1352","Otu1352",41,"Firmicutes","Clostridia","Clostridiales","Peptoniphilaceae","Anaerococcus"
"Otu1355","Otu1355",41,"Bacteroidetes","Flavobacteriia","Flavobacteriales","Flavobacteriaceae","Flavobacteriaceae_unclassified"
"Otu1357","Otu1357",41,"Firmicutes","Clostridia","Clostridiales","Peptoniphilaceae","Anaerococcus"
"Otu1360","Otu1360",41,"Proteobacteria","Alphaproteobacteria","Rhizobiales","Rhizobiales_unclassified","Rhizobiales_unclassified"
"Otu1361","Otu1361",41,"Actinobacteria","Coriobacteriia","Coriobacteriales","Atopobiaceae","Lancefieldella"
"Otu1364","Otu1364",41,"Proteobacteria","Betaproteobacteria","Burkholderiales","Comamonadaceae","Tepidimonas"
"Otu1372","Otu1372",40,"Proteobacteria","Betaproteobacteria","Burkholderiales","Burkholderiales_incertae_sedis","Sphaerotilus"
"Otu1373","Otu1373",40,"Proteobacteria","Alphaproteobacteria","Rhizobiales","Bradyrhizobiaceae","Bradyrhizobiaceae_unclassified"
"Otu1376","Otu1376",39,"Proteobacteria","Alphaproteobacteria","Rhodospirillales","Acetobacteraceae","Acetobacteraceae_unclassified"
"Otu1383","Otu1383",38,"Synergistetes","Synergistia","Synergistales","Synergistaceae","Pyramidobacter"
"Otu1388","Otu1388",38,"Bacteroidetes","Flavobacteriia","Flavobacteriales","Flavobacteriaceae","Flavobacteriaceae_unclassified"
"Otu1389","Otu1389",38,"Actinobacteria","Actinobacteria","Micrococcales","Micrococcaceae","Glutamicibacter"
"Otu1390","Otu1390",38,"Actinobacteria","Actinobacteria","Mycobacteriales","Mycobacteriales_unclassified","Mycobacteriales_unclassified"
"Otu1392","Otu1392",38,"Bacteroidetes","Flavobacteriia","Flavobacteriales","Flavobacteriaceae","Flavobacteriaceae_unclassified"
"Otu1394","Otu1394",38,"Verrucomicrobia","Verrucomicrobiae","Verrucomicrobiales","Akkermansiaceae","Akkermansia"
"Otu1395","Otu1395",38,"Bacteria_unclassified","Bacteria_unclassified","Bacteria_unclassified","Bacteria_unclassified","Bacteria_unclassified"
"Otu1398","Otu1398",37,"Firmicutes","Clostridia","Clostridiales","Clostridiales_Incertae_Sedis_XIII","Alterileibacterium"
"Otu1400","Otu1400",37,"Proteobacteria","Alphaproteobacteria","Rhodobacterales","Rhodobacteraceae","Rhodobacteraceae_unclassified"
"Otu1404","Otu1404",37,"Firmicutes","Clostridia","Clostridiales","Clostridiaceae_1","Clostridium_sensu_stricto"
"Otu1406","Otu1406",37,"Proteobacteria","Gammaproteobacteria","Xanthomonadales","Xanthomonadaceae","Xanthomonas"
"Otu1410","Otu1410",36,"Bacteria_unclassified","Bacteria_unclassified","Bacteria_unclassified","Bacteria_unclassified","Bacteria_unclassified"
"Otu1411","Otu1411",36,"Proteobacteria","Alphaproteobacteria","SAR11","Candidatus_Pelagibacter","Candidatus_Pelagibacter_unclassified"
"Otu1417","Otu1417",36,"Proteobacteria","Gammaproteobacteria","Pseudomonadales","Moraxellaceae","Psychrobacter"
"Otu1423","Otu1423",36,"Firmicutes","Clostridia","Clostridiales","Clostridiales_unclassified","Clostridiales_unclassified"
"Otu1428","Otu1428",35,"Bacteroidetes","Bacteroidetes_unclassified","Bacteroidetes_unclassified","Bacteroidetes_unclassified","Bacteroidetes_unclassified"
"Otu1431","Otu1431",35,"Proteobacteria","Alphaproteobacteria","Sphingomonadales","Sphingomonadaceae","Sphingomonadaceae_unclassified"
"Otu1433","Otu1433",35,"Firmicutes","Bacilli","Bacillales","Staphylococcaceae","Staphylococcus"
"Otu1434","Otu1434",35,"Cyanobacteria/Chloroplast","Cyanobacteria","Family_II","GpIIa","GpIIa_unclassified"
"Otu1436","Otu1436",35,"Bacteroidetes","Flavobacteriia","Flavobacteriales","Weeksellaceae","Weeksellaceae_unclassified"
"Otu1441","Otu1441",35,"Parcubacteria","Parcubacteria_unclassified","Parcubacteria_unclassified","Parcubacteria_unclassified","Parcubacteria_unclassified"
"Otu1443","Otu1443",34,"Actinobacteria","Coriobacteriia","Eggerthellales","Eggerthellaceae","Eggerthellaceae_unclassified"
"Otu1444","Otu1444",34,"Proteobacteria","Gammaproteobacteria","Cellvibrionales","Halieaceae","Halieaceae_unclassified"
"Otu1445","Otu1445",34,"Bacteroidetes","Flavobacteriia","Flavobacteriales","Flavobacteriales_unclassified","Flavobacteriales_unclassified"
"Otu1456","Otu1456",34,"Bacteroidetes","Bacteroidia","Bacteroidales","Prevotellaceae","Prevotella"
"Otu1461","Otu1461",33,"Bacteroidetes","Cytophagia","Cytophagales","Cytophagales_unclassified","Cytophagales_unclassified"
"Otu1464","Otu1464",33,"Bacteria_unclassified","Bacteria_unclassified","Bacteria_unclassified","Bacteria_unclassified","Bacteria_unclassified"
"Otu1470","Otu1470",33,"Verrucomicrobia","Subdivision3","Subdivision3_unclassified","Subdivision3_unclassified","Subdivision3_unclassified"
"Otu1471","Otu1471",32,"Bacteria_unclassified","Bacteria_unclassified","Bacteria_unclassified","Bacteria_unclassified","Bacteria_unclassified"
"Otu1472","Otu1472",32,"Firmicutes","Clostridia","Clostridiales","Clostridiales_unclassified","Clostridiales_unclassified"
"Otu1473","Otu1473",32,"Bacteria_unclassified","Bacteria_unclassified","Bacteria_unclassified","Bacteria_unclassified","Bacteria_unclassified"
"Otu1474","Otu1474",32,"Firmicutes","Clostridia","Clostridiales","Clostridiales_unclassified","Clostridiales_unclassified"
"Otu1475","Otu1475",32,"Proteobacteria","Proteobacteria_unclassified","Proteobacteria_unclassified","Proteobacteria_unclassified","Proteobacteria_unclassified"
"Otu1479","Otu1479",32,"Firmicutes","Bacilli","Bacilli_unclassified","Bacilli_unclassified","Bacilli_unclassified"
"Otu1486","Otu1486",31,"Bacteria_unclassified","Bacteria_unclassified","Bacteria_unclassified","Bacteria_unclassified","Bacteria_unclassified"
"Otu1492","Otu1492",31,"Firmicutes","Clostridia","Clostridiales","Ruminococcaceae","Ruminococcaceae_unclassified"
"Otu1496","Otu1496",31,"Bacteria_unclassified","Bacteria_unclassified","Bacteria_unclassified","Bacteria_unclassified","Bacteria_unclassified"
"Otu1497","Otu1497",31,"Proteobacteria","Alphaproteobacteria","Sphingomonadales","Sphingomonadaceae","Sphingorhabdus"
"Otu1499","Otu1499",31,"Bacteroidetes","Bacteroidetes_unclassified","Bacteroidetes_unclassified","Bacteroidetes_unclassified","Bacteroidetes_unclassified"
"Otu1505","Otu1505",30,"Bacteroidetes","Bacteroidia","Bacteroidales","Odoribacteraceae","Odoribacter"
"Otu1507","Otu1507",30,"Actinobacteria","Coriobacteriia","Eggerthellales","Eggerthellaceae","Eggerthellaceae_unclassified"
"Otu1510","Otu1510",30,"Bacteria_unclassified","Bacteria_unclassified","Bacteria_unclassified","Bacteria_unclassified","Bacteria_unclassified"
"Otu1515","Otu1515",30,"Bacteria_unclassified","Bacteria_unclassified","Bacteria_unclassified","Bacteria_unclassified","Bacteria_unclassified"
"Otu1517","Otu1517",30,"Proteobacteria","Gammaproteobacteria","Enterobacterales","Morganellaceae","Providencia"
"Otu1519","Otu1519",30,"Firmicutes","Clostridia","Clostridiales","Lachnospiraceae","Lachnospiraceae_unclassified"
"Otu1520","Otu1520",29,"Firmicutes","Clostridia","Clostridiales","Peptoniphilaceae","Helcococcus"
"Otu1524","Otu1524",29,"Firmicutes","Clostridia","Clostridiales","Ruminococcaceae","Ruminococcaceae_unclassified"
"Otu1530","Otu1530",29,"Bacteroidetes","Bacteroidetes_unclassified","Bacteroidetes_unclassified","Bacteroidetes_unclassified","Bacteroidetes_unclassified"
"Otu1531","Otu1531",29,"Firmicutes","Clostridia","Clostridiales","Lachnospiraceae","Stomatobaculum"
"Otu1534","Otu1534",29,"Bacteria_unclassified","Bacteria_unclassified","Bacteria_unclassified","Bacteria_unclassified","Bacteria_unclassified"
"Otu1539","Otu1539",28,"Cyanobacteria/Chloroplast","Cyanobacteria","Family_II","GpIIa","GpIIa_unclassified"
"Otu1546","Otu1546",28,"Bacteroidetes","Flavobacteriia","Flavobacteriales","Flavobacteriales_unclassified","Flavobacteriales_unclassified"
"Otu1549","Otu1549",28,"Firmicutes","Negativicutes","Veillonellales","Veillonellaceae","Veillonellaceae_unclassified"
"Otu1563","Otu1563",27,"Proteobacteria","Betaproteobacteria","Betaproteobacteria_unclassified","Betaproteobacteria_unclassified","Betaproteobacteria_unclassified"
"Otu1565","Otu1565",27,"Firmicutes","Negativicutes","Veillonellales","Veillonellaceae","Megasphaera"
"Otu1566","Otu1566",27,"Firmicutes","Erysipelotrichia","Erysipelotrichales","Erysipelotrichaceae","Erysipelotrichaceae_unclassified"
"Otu1573","Otu1573",26,"Actinobacteria","Actinobacteria","Propionibacteriales","Nocardioidaceae","Aeromicrobium"
"Otu1574","Otu1574",26,"Actinobacteria","Actinobacteria","Mycobacteriales","Mycobacteriaceae","Mycobacterium"
"Otu1575","Otu1575",26,"Bacteria_unclassified","Bacteria_unclassified","Bacteria_unclassified","Bacteria_unclassified","Bacteria_unclassified"
"Otu1578","Otu1578",26,"Bacteria_unclassified","Bacteria_unclassified","Bacteria_unclassified","Bacteria_unclassified","Bacteria_unclassified"
"Otu1583","Otu1583",26,"Proteobacteria","Proteobacteria_unclassified","Proteobacteria_unclassified","Proteobacteria_unclassified","Proteobacteria_unclassified"
"Otu1586","Otu1586",26,"Bacteroidetes","Cytophagia","Cytophagales","Cytophagaceae","Aquirufa"
"Otu1587","Otu1587",26,"Firmicutes","Bacilli","Bacillales","Paenibacillaceae_1","Brevibacillus"
"Otu1589","Otu1589",26,"Firmicutes","Clostridia","Clostridiales","Clostridiales_unclassified","Clostridiales_unclassified"
"Otu1590","Otu1590",26,"Bacteroidetes","Bacteroidia","Bacteroidales","Bacteroidaceae","Phocaeicola"
"Otu1591","Otu1591",26,"Firmicutes","Clostridia","Clostridiales","Clostridiales_unclassified","Clostridiales_unclassified"
"Otu1607","Otu1607",25,"Actinobacteria","Actinobacteria","Mycobacteriales","Corynebacteriaceae","Corynebacterium"
"Otu1619","Otu1619",25,"Cyanobacteria/Chloroplast","Cyanobacteria","Family_II","GpIIa","GpIIa_unclassified"
"Otu1621","Otu1621",25,"Proteobacteria","Gammaproteobacteria","Pseudomonadales","Moraxellaceae","Acinetobacter"
"Otu1622","Otu1622",25,"Actinobacteria","Actinobacteria","Actinobacteria_unclassified","Actinobacteria_unclassified","Actinobacteria_unclassified"
"Otu1623","Otu1623",25,"Firmicutes","Clostridia","Clostridiales","Ruminococcaceae","Ruminococcaceae_unclassified"
"Otu1627","Otu1627",25,"Bacteria_unclassified","Bacteria_unclassified","Bacteria_unclassified","Bacteria_unclassified","Bacteria_unclassified"
"Otu1628","Otu1628",25,"Proteobacteria","Alphaproteobacteria","Rhodobacterales","Rhodobacteraceae","Rhodobacteraceae_unclassified"
"Otu1633","Otu1633",24,"Firmicutes","Clostridia","Clostridiales","Lachnospiraceae","Lachnospiraceae_unclassified"
"Otu1636","Otu1636",24,"Bacteria_unclassified","Bacteria_unclassified","Bacteria_unclassified","Bacteria_unclassified","Bacteria_unclassified"
"Otu1637","Otu1637",24,"Actinobacteria","Actinobacteria","Micrococcales","Micrococcaceae","Nesterenkonia"
"Otu1638","Otu1638",24,"Bacteroidetes","Flavobacteriia","Flavobacteriales","Flavobacteriaceae","Flavobacteriaceae_unclassified"
"Otu1639","Otu1639",24,"Firmicutes","Clostridia","Clostridiales","Lachnospiraceae","Lachnospiraceae_unclassified"
"Otu1647","Otu1647",24,"Firmicutes","Clostridia","Clostridiales","Ruminococcaceae","Ruminococcaceae_unclassified"
"Otu1650","Otu1650",24,"Firmicutes","Clostridia","Clostridiales","Clostridiales_Incertae_Sedis_III","Thermoanaerobacterium"
"Otu1651","Otu1651",24,"Firmicutes","Clostridia","Clostridiales","Lachnospiraceae","Lachnospiraceae_unclassified"
"Otu1654","Otu1654",23,"Bacteria_unclassified","Bacteria_unclassified","Bacteria_unclassified","Bacteria_unclassified","Bacteria_unclassified"
"Otu1659","Otu1659",23,"Firmicutes","Bacilli","Bacillales","Bacillales_unclassified","Bacillales_unclassified"
"Otu1661","Otu1661",23,"Proteobacteria","Deltaproteobacteria","Myxococcales","Myxococcales_unclassified","Myxococcales_unclassified"
"Otu1663","Otu1663",23,"Firmicutes","Clostridia","Clostridia_unclassified","Clostridia_unclassified","Clostridia_unclassified"
"Otu1666","Otu1666",23,"Proteobacteria","Betaproteobacteria","Burkholderiales","Comamonadaceae","Aquabacterium"
"Otu1676","Otu1676",22,"Proteobacteria","Betaproteobacteria","Burkholderiales","Oxalobacteraceae","Oxalobacteraceae_unclassified"
"Otu1678","Otu1678",22,"Firmicutes","Clostridia","Clostridiales","Lachnospiraceae","Lachnospiraceae_unclassified"
"Otu1693","Otu1693",22,"Firmicutes","Clostridia","Clostridiales","Lachnospiraceae","Lachnospiraceae_unclassified"
"Otu1702","Otu1702",21,"Proteobacteria","Gammaproteobacteria","Legionellales","Coxiellaceae","Diplorickettsia"
"Otu1704","Otu1704",21,"Proteobacteria","Betaproteobacteria","Burkholderiales","Comamonadaceae","Aquabacterium"
"Otu1706","Otu1706",21,"Bacteria_unclassified","Bacteria_unclassified","Bacteria_unclassified","Bacteria_unclassified","Bacteria_unclassified"
"Otu1716","Otu1716",21,"Firmicutes","Clostridia","Clostridiales","Eubacteriaceae","Acetobacterium"
"Otu1718","Otu1718",21,"Bacteroidetes","Flavobacteriia","Flavobacteriales","Flavobacteriaceae","Flavobacterium"
"Otu1728","Otu1728",21,"Actinobacteria","Actinobacteria","Micrococcales","Microbacteriaceae","Microbacteriaceae_unclassified"
"Otu1731","Otu1731",20,"Firmicutes","Clostridia","Clostridiales","Clostridiales_unclassified","Clostridiales_unclassified"
"Otu1745","Otu1745",20,"Proteobacteria","Hydrogenophilalia","Hydrogenophilales","Hydrogenophilaceae","Tepidiphilus"
"Otu1746","Otu1746",20,"Firmicutes","Negativicutes","Negativicutes_unclassified","Negativicutes_unclassified","Negativicutes_unclassified"
"Otu1750","Otu1750",20,"Actinobacteria","Acidimicrobiia","Acidimicrobiales","Acidimicrobiales_unclassified","Acidimicrobiales_unclassified"
"Otu1752","Otu1752",20,"Firmicutes","Clostridia","Clostridiales","Lachnospiraceae","Dorea"
"Otu1756","Otu1756",20,"Firmicutes","Clostridia","Clostridiales","Lachnospiraceae","Anaerotignum"
"Otu1759","Otu1759",20,"Firmicutes","Bacilli","Bacilli_unclassified","Bacilli_unclassified","Bacilli_unclassified"
"Otu1761","Otu1761",19,"Firmicutes","Erysipelotrichia","Erysipelotrichales","Erysipelotrichaceae","Dielma"
"Otu1775","Otu1775",19,"Firmicutes","Clostridia","Clostridiales","Ruminococcaceae","Ruminococcaceae_unclassified"
"Otu1776","Otu1776",19,"Firmicutes","Clostridia","Clostridiales","Clostridiaceae_1","Clostridium_sensu_stricto"
"Otu1778","Otu1778",19,"Proteobacteria","Betaproteobacteria","Betaproteobacteria_unclassified","Betaproteobacteria_unclassified","Betaproteobacteria_unclassified"
"Otu1784","Otu1784",19,"Proteobacteria","Proteobacteria_unclassified","Proteobacteria_unclassified","Proteobacteria_unclassified","Proteobacteria_unclassified"
"Otu1804","Otu1804",18,"Bacteria_unclassified","Bacteria_unclassified","Bacteria_unclassified","Bacteria_unclassified","Bacteria_unclassified"
"Otu1807","Otu1807",18,"Bacteria_unclassified","Bacteria_unclassified","Bacteria_unclassified","Bacteria_unclassified","Bacteria_unclassified"
"Otu1808","Otu1808",18,"Proteobacteria","Alphaproteobacteria","Rhizobiales","Chelatococcaceae","Chelatococcus"
"Otu1810","Otu1810",18,"Planctomycetes","Planctomycetacia","Pirellulales","Pirellulales_unclassified","Pirellulales_unclassified"
"Otu1813","Otu1813",18,"Proteobacteria","Proteobacteria_unclassified","Proteobacteria_unclassified","Proteobacteria_unclassified","Proteobacteria_unclassified"
"Otu1814","Otu1814",18,"Firmicutes","Bacilli","Bacillales","Bacillaceae_1","Bacillaceae_1_unclassified"
"Otu1815","Otu1815",18,"Bacteroidetes","Bacteroidetes_unclassified","Bacteroidetes_unclassified","Bacteroidetes_unclassified","Bacteroidetes_unclassified"
"Otu1816","Otu1816",18,"Bacteria_unclassified","Bacteria_unclassified","Bacteria_unclassified","Bacteria_unclassified","Bacteria_unclassified"
"Otu1832","Otu1832",18,"Bacteroidetes","Bacteroidia","Bacteroidales","Muribaculaceae","Paramuribaculum"
"Otu1845","Otu1845",17,"Firmicutes","Clostridia","Clostridiales","Peptoniphilaceae","Helcococcus"
"Otu1847","Otu1847",17,"Bacteroidetes","Bacteroidia","Bacteroidales","Bacteroidales_unclassified","Bacteroidales_unclassified"
"Otu1852","Otu1852",17,"Bacteroidetes","Bacteroidia","Bacteroidales","Porphyromonadaceae","Parabacteroides"
"Otu1853","Otu1853",17,"Firmicutes","Bacilli","Lactobacillales","Lactobacillaceae","Lactobacillaceae_unclassified"
"Otu1858","Otu1858",17,"Firmicutes","Clostridia","Clostridiales","Peptoniphilaceae","Anaerococcus"
"Otu1866","Otu1866",17,"SR1","SR1_unclassified","SR1_unclassified","SR1_unclassified","SR1_unclassified"
"Otu1879","Otu1879",16,"Firmicutes","Bacilli","Bacillales","Paenibacillaceae_1","Brevibacillus"
"Otu1882","Otu1882",16,"Spirochaetes","Spirochaetia","Spirochaetales","Spirochaetaceae","Treponema"
"Otu1885","Otu1885",16,"Firmicutes","Clostridia","Clostridiales","Clostridiales_unclassified","Clostridiales_unclassified"
"Otu1887","Otu1887",16,"Firmicutes","Clostridia","Clostridiales","Lachnospiraceae","Lachnospiraceae_unclassified"
"Otu1925","Otu1925",15,"Firmicutes","Clostridia","Clostridiales","Lachnospiraceae","Lachnospiraceae_unclassified"
"Otu1930","Otu1930",15,"Parcubacteria","Parcubacteria_unclassified","Parcubacteria_unclassified","Parcubacteria_unclassified","Parcubacteria_unclassified"
"Otu1931","Otu1931",15,"Firmicutes","Clostridia","Clostridiales","Clostridiales_unclassified","Clostridiales_unclassified"
"Otu1935","Otu1935",15,"Bacteria_unclassified","Bacteria_unclassified","Bacteria_unclassified","Bacteria_unclassified","Bacteria_unclassified"
"Otu1949","Otu1949",15,"Proteobacteria","Proteobacteria_unclassified","Proteobacteria_unclassified","Proteobacteria_unclassified","Proteobacteria_unclassified"
"Otu1950","Otu1950",15,"Proteobacteria","Alphaproteobacteria","Rhodobacterales","Rhodobacteraceae","Rhodobacteraceae_unclassified"
"Otu1956","Otu1956",15,"Proteobacteria","Alphaproteobacteria","Alphaproteobacteria_unclassified","Alphaproteobacteria_unclassified","Alphaproteobacteria_unclassified"
"Otu1960","Otu1960",15,"Bacteroidetes","Flavobacteriia","Flavobacteriales","Flavobacteriaceae","Flavobacterium"
"Otu1965","Otu1965",15,"Proteobacteria","Gammaproteobacteria","Chromatiales","Chromatiaceae","Rheinheimera"
"Otu1982","Otu1982",14,"Firmicutes","Clostridia","Clostridiales","Peptoniphilaceae","Peptoniphilus"
"Otu1996","Otu1996",14,"Firmicutes","Clostridia","Clostridiales","Lachnospiraceae","Lachnospiraceae_unclassified"
"Otu2003","Otu2003",14,"Bacteroidetes","Flavobacteriia","Flavobacteriales","Flavobacteriaceae","Myroides"
"Otu2009","Otu2009",14,"Parcubacteria","Parcubacteria_unclassified","Parcubacteria_unclassified","Parcubacteria_unclassified","Parcubacteria_unclassified"
"Otu2018","Otu2018",14,"Bacteroidetes","Bacteroidia","Bacteroidales","Bacteroidaceae","Bacteroides"
"Otu2025","Otu2025",14,"Proteobacteria","Betaproteobacteria","Burkholderiales","Comamonadaceae","Schlegelella"
"Otu2028","Otu2028",13,"Proteobacteria","Betaproteobacteria","Burkholderiales","Comamonadaceae","Comamonas"
"Otu2055","Otu2055",13,"Firmicutes","Clostridia","Clostridiales","Lachnospiraceae","Lachnospiraceae_unclassified"
"Otu2056","Otu2056",13,"Firmicutes","Clostridia","Clostridiales","Lachnospiraceae","Lachnospiraceae_unclassified"
"Otu2062","Otu2062",13,"Firmicutes","Clostridia","Clostridiales","Clostridiales_unclassified","Clostridiales_unclassified"
"Otu2086","Otu2086",13,"Bacteria_unclassified","Bacteria_unclassified","Bacteria_unclassified","Bacteria_unclassified","Bacteria_unclassified"
"Otu2101","Otu2101",12,"Bacteroidetes","Bacteroidia","Bacteroidales","Muribaculaceae","Muribaculaceae_unclassified"
"Otu2104","Otu2104",12,"Proteobacteria","Proteobacteria_unclassified","Proteobacteria_unclassified","Proteobacteria_unclassified","Proteobacteria_unclassified"
"Otu2107","Otu2107",12,"Bacteroidetes","Cytophagia","Cytophagales","Cyclobacteriaceae","Algoriphagus"
"Otu2109","Otu2109",12,"Firmicutes","Clostridia","Clostridiales","Ruminococcaceae","Clostridium_IV"
"Otu2110","Otu2110",12,"Parcubacteria","Parcubacteria_unclassified","Parcubacteria_unclassified","Parcubacteria_unclassified","Parcubacteria_unclassified"
"Otu2118","Otu2118",12,"Firmicutes","Clostridia","Clostridiales","Ruminococcaceae","Ruminococcaceae_unclassified"
"Otu2119","Otu2119",12,"Actinobacteria","Actinobacteria","Actinobacteria_unclassified","Actinobacteria_unclassified","Actinobacteria_unclassified"
"Otu2126","Otu2126",12,"Bacteroidetes","Bacteroidia","Bacteroidales","Bacteroidaceae","Bacteroidaceae_unclassified"
"Otu2135","Otu2135",12,"Bacteroidetes","Cytophagia","Cytophagales","Hymenobacteraceae","Hymenobacter"
"Otu2136","Otu2136",12,"Planctomycetes","Planctomycetacia","Planctomycetacia_unclassified","Planctomycetacia_unclassified","Planctomycetacia_unclassified"
"Otu2163","Otu2163",12,"Proteobacteria","Deltaproteobacteria","Deltaproteobacteria_unclassified","Deltaproteobacteria_unclassified","Deltaproteobacteria_unclassified"
"Otu2174","Otu2174",12,"Firmicutes","Bacilli","Bacillales","Bacillaceae_1","Bacillaceae_1_unclassified"
"Otu2202","Otu2202",11,"Parcubacteria","Parcubacteria_unclassified","Parcubacteria_unclassified","Parcubacteria_unclassified","Parcubacteria_unclassified"
"Otu2211","Otu2211",11,"Firmicutes","Firmicutes_unclassified","Firmicutes_unclassified","Firmicutes_unclassified","Firmicutes_unclassified"
"Otu2232","Otu2232",11,"Bacteroidetes","Bacteroidia","Bacteroidales","Muribaculaceae","Duncaniella"
"Otu2234","Otu2234",11,"Firmicutes","Clostridia","Clostridiales","Peptoniphilaceae","Fenollaria"
"Otu2239","Otu2239",11,"Proteobacteria","Alphaproteobacteria","Sphingomonadales","Erythrobacteraceae","Novosphingobium"
"Otu2247","Otu2247",11,"Bacteria_unclassified","Bacteria_unclassified","Bacteria_unclassified","Bacteria_unclassified","Bacteria_unclassified"
"Otu2305","Otu2305",10,"Bacteria_unclassified","Bacteria_unclassified","Bacteria_unclassified","Bacteria_unclassified","Bacteria_unclassified"
"Otu2306","Otu2306",10,"Actinobacteria","Actinobacteria","Streptosporangiales","Nocardiopsaceae","Thermobifida"
"Otu2307","Otu2307",10,"Firmicutes","Clostridia","Clostridiales","Lachnospiraceae","Catonella"
"Otu2309","Otu2309",10,"Actinobacteria","Actinobacteria","Micrococcales","Microbacteriaceae","Microbacterium"
"Otu2335","Otu2335",10,"Firmicutes","Clostridia","Clostridiales","Lachnospiraceae","Lachnospiraceae_unclassified"
"Otu2379","Otu2379",9,"Firmicutes","Clostridia","Clostridiales","Lachnospiraceae","Lachnospiraceae_unclassified"
"Otu2392","Otu2392",9,"Proteobacteria","Gammaproteobacteria","Enterobacterales","Enterobacteriaceae","Enterobacteriaceae_unclassified"
"Otu2401","Otu2401",9,"Firmicutes","Clostridia","Clostridiales","Peptoniphilaceae","Peptoniphilus"
"Otu2404","Otu2404",9,"Bacteria_unclassified","Bacteria_unclassified","Bacteria_unclassified","Bacteria_unclassified","Bacteria_unclassified"
"Otu2416","Otu2416",9,"Firmicutes","Erysipelotrichia","Erysipelotrichales","Erysipelotrichales_unclassified","Erysipelotrichales_unclassified"
"Otu2432","Otu2432",9,"Bacteroidetes","Bacteroidia","Bacteroidales","Prevotellaceae","Prevotella"
"Otu2440","Otu2440",9,"Bacteroidetes","Bacteroidia","Bacteroidales","Bacteroidaceae","Bacteroides"
"Otu2479","Otu2479",9,"Firmicutes","Clostridia","Clostridiales","Lachnospiraceae","Lachnospiraceae_unclassified"
"Otu2485","Otu2485",9,"Actinobacteria","Actinobacteria_unclassified","Actinobacteria_unclassified","Actinobacteria_unclassified","Actinobacteria_unclassified"
"Otu2496","Otu2496",9,"Bacteroidetes","Bacteroidetes_unclassified","Bacteroidetes_unclassified","Bacteroidetes_unclassified","Bacteroidetes_unclassified"
"Otu2551","Otu2551",8,"Bacteria_unclassified","Bacteria_unclassified","Bacteria_unclassified","Bacteria_unclassified","Bacteria_unclassified"
"Otu2569","Otu2569",8,"Bacteroidetes","Bacteroidia","Bacteroidales","Bacteroidales_unclassified","Bacteroidales_unclassified"
"Otu2618","Otu2618",8,"Bacteria_unclassified","Bacteria_unclassified","Bacteria_unclassified","Bacteria_unclassified","Bacteria_unclassified"
"Otu2619","Otu2619",8,"Proteobacteria","Gammaproteobacteria","Enterobacterales","Enterobacteriaceae","Enterobacteriaceae_unclassified"
"Otu2621","Otu2621",8,"Firmicutes","Clostridia","Clostridiales","Lachnospiraceae","Enterocloster"
"Otu2625","Otu2625",8,"Actinobacteria","Actinobacteria","Actinobacteria_unclassified","Actinobacteria_unclassified","Actinobacteria_unclassified"
"Otu2648","Otu2648",7,"Firmicutes","Clostridia","Clostridiales","Lachnospiraceae","Lachnospiraceae_unclassified"
"Otu2655","Otu2655",7,"Bacteria_unclassified","Bacteria_unclassified","Bacteria_unclassified","Bacteria_unclassified","Bacteria_unclassified"
"Otu2660","Otu2660",7,"Bacteroidetes","Bacteroidia","Bacteroidales","Prevotellaceae","Prevotellaceae_unclassified"
"Otu2668","Otu2668",7,"Firmicutes","Erysipelotrichia","Erysipelotrichales","Erysipelotrichaceae","Erysipelotrichaceae_unclassified"
"Otu2669","Otu2669",7,"Proteobacteria","Betaproteobacteria","Burkholderiales","Comamonadaceae","Comamonadaceae_unclassified"
"Otu2671","Otu2671",7,"Bacteroidetes","Bacteroidia","Bacteroidales","Bacteroidaceae","Phocaeicola"
"Otu2672","Otu2672",7,"Actinobacteria","Actinobacteria","Actinomycetales","Actinomycetaceae","Actinomyces"
"Otu2699","Otu2699",7,"Bacteroidetes","Saprospiria","Saprospirales","Saprospiraceae","Aureispira"
"Otu2714","Otu2714",7,"Proteobacteria","Gammaproteobacteria","Legionellales","Legionellaceae","Legionella"
"Otu2721","Otu2721",7,"Proteobacteria","Alphaproteobacteria","Rhizobiales","Methylobacteriaceae","Methylobacterium"
"Otu2725","Otu2725",7,"Bacteroidetes","Bacteroidia","Bacteroidales","Porphyromonadaceae","Parabacteroides"
"Otu2733","Otu2733",7,"Actinobacteria","Actinobacteria","Mycobacteriales","Mycobacteriales_unclassified","Mycobacteriales_unclassified"
"Otu2754","Otu2754",7,"Firmicutes","Clostridia","Clostridiales","Peptoniphilaceae","Fenollaria"
"Otu2779","Otu2779",7,"Bacteria_unclassified","Bacteria_unclassified","Bacteria_unclassified","Bacteria_unclassified","Bacteria_unclassified"
"Otu2784","Otu2784",7,"Firmicutes","Bacilli","Bacillales","Bacillales_unclassified","Bacillales_unclassified"
"Otu2791","Otu2791",7,"Proteobacteria","Gammaproteobacteria","Enterobacterales","Enterobacteriaceae","Enterobacteriaceae_unclassified"
"Otu2826","Otu2826",6,"Proteobacteria","Gammaproteobacteria","Pseudomonadales","Pseudomonadaceae","Pseudomonadaceae_unclassified"
"Otu2830","Otu2830",6,"Actinobacteria","Actinobacteria","Streptosporangiales","Nocardiopsaceae","Nocardiopsis"
"Otu2839","Otu2839",6,"Bacteria_unclassified","Bacteria_unclassified","Bacteria_unclassified","Bacteria_unclassified","Bacteria_unclassified"
"Otu2861","Otu2861",6,"Actinobacteria","Actinobacteria_unclassified","Actinobacteria_unclassified","Actinobacteria_unclassified","Actinobacteria_unclassified"
"Otu2862","Otu2862",6,"Bacteroidetes","Bacteroidia","Bacteroidales","Muribaculaceae","Muribaculum"
"Otu2867","Otu2867",6,"Firmicutes","Bacilli","Bacilli_unclassified","Bacilli_unclassified","Bacilli_unclassified"
"Otu2893","Otu2893",6,"Firmicutes","Clostridia","Clostridiales","Peptoniphilaceae","Ezakiella"
"Otu2903","Otu2903",6,"Firmicutes","Bacilli","Bacillales","Bacillales_unclassified","Bacillales_unclassified"
"Otu2910","Otu2910",6,"Bacteria_unclassified","Bacteria_unclassified","Bacteria_unclassified","Bacteria_unclassified","Bacteria_unclassified"
"Otu2940","Otu2940",6,"Bacteria_unclassified","Bacteria_unclassified","Bacteria_unclassified","Bacteria_unclassified","Bacteria_unclassified"
"Otu2943","Otu2943",6,"Bacteroidetes","Bacteroidetes_unclassified","Bacteroidetes_unclassified","Bacteroidetes_unclassified","Bacteroidetes_unclassified"
"Otu2951","Otu2951",6,"Bacteroidetes","Bacteroidia","Bacteroidales","Porphyromonadaceae","Parabacteroides"
"Otu2958","Otu2958",6,"Firmicutes","Bacilli","Bacilli_unclassified","Bacilli_unclassified","Bacilli_unclassified"
"Otu2960","Otu2960",6,"Bacteria_unclassified","Bacteria_unclassified","Bacteria_unclassified","Bacteria_unclassified","Bacteria_unclassified"
"Otu2962","Otu2962",6,"Firmicutes","Clostridia","Clostridiales","Clostridiales_unclassified","Clostridiales_unclassified"
"Otu2999","Otu2999",6,"Firmicutes","Clostridia","Clostridiales","Lachnospiraceae","Lachnospiraceae_unclassified"
"Otu3011","Otu3011",6,"Firmicutes","Clostridia","Clostridiales","Clostridiaceae_1","Clostridium_sensu_stricto"
"Otu3031","Otu3031",6,"Firmicutes","Bacilli","Bacillales","Bacillales_unclassified","Bacillales_unclassified"
"Otu3039","Otu3039",6,"Bacteroidetes","Bacteroidia","Bacteroidales","Prevotellaceae","Prevotella"
"Otu3177","Otu3177",5,"Firmicutes","Bacilli","Bacillales","Bacillales_unclassified","Bacillales_unclassified"
"Otu3211","Otu3211",5,"Proteobacteria","Alphaproteobacteria","Rhizobiales","Brucellaceae","Brucella"
"Otu3214","Otu3214",5,"Bacteria_unclassified","Bacteria_unclassified","Bacteria_unclassified","Bacteria_unclassified","Bacteria_unclassified"
"Otu3220","Otu3220",5,"Bacteria_unclassified","Bacteria_unclassified","Bacteria_unclassified","Bacteria_unclassified","Bacteria_unclassified"
"Otu3223","Otu3223",5,"Firmicutes","Clostridia","Clostridiales","Peptoniphilaceae","Fenollaria"
"Otu3234","Otu3234",5,"Bacteria_unclassified","Bacteria_unclassified","Bacteria_unclassified","Bacteria_unclassified","Bacteria_unclassified"
"Otu3245","Otu3245",5,"Bacteria_unclassified","Bacteria_unclassified","Bacteria_unclassified","Bacteria_unclassified","Bacteria_unclassified"
"Otu3281","Otu3281",5,"Proteobacteria","Alphaproteobacteria","Sphingomonadales","Sphingomonadaceae","Sphingomonas"
"Otu3295","Otu3295",5,"Proteobacteria","Gammaproteobacteria","Enterobacterales","Enterobacteriaceae","Enterobacteriaceae_unclassified"
"Otu3296","Otu3296",5,"Bacteria_unclassified","Bacteria_unclassified","Bacteria_unclassified","Bacteria_unclassified","Bacteria_unclassified"
"Otu3319","Otu3319",5,"Proteobacteria","Betaproteobacteria","Burkholderiales","Comamonadaceae","Inhella"
"Otu3332","Otu3332",5,"Bacteria_unclassified","Bacteria_unclassified","Bacteria_unclassified","Bacteria_unclassified","Bacteria_unclassified"
"Otu3339","Otu3339",5,"Bacteroidetes","Bacteroidetes_unclassified","Bacteroidetes_unclassified","Bacteroidetes_unclassified","Bacteroidetes_unclassified"
"Otu3352","Otu3352",5,"Firmicutes","Bacilli","Lactobacillales","Streptococcaceae","Streptococcus"
"Otu3388","Otu3388",4,"Bacteroidetes","Bacteroidia","Bacteroidales","Muribaculaceae","Muribaculaceae_unclassified"
"Otu3436","Otu3436",4,"Cyanobacteria/Chloroplast","Cyanobacteria","Cyanobacteria_unclassified","Cyanobacteria_unclassified","Cyanobacteria_unclassified"
"Otu3460","Otu3460",4,"Actinobacteria","Actinobacteria","Mycobacteriales","Nocardiaceae","Nocardia"
"Otu3480","Otu3480",4,"Parcubacteria","Parcubacteria_unclassified","Parcubacteria_unclassified","Parcubacteria_unclassified","Parcubacteria_unclassified"
"Otu3481","Otu3481",4,"Firmicutes","Clostridia","Clostridiales","Lachnospiraceae","Lachnospiraceae_unclassified"
"Otu3486","Otu3486",4,"Bacteria_unclassified","Bacteria_unclassified","Bacteria_unclassified","Bacteria_unclassified","Bacteria_unclassified"
"Otu3491","Otu3491",4,"Bacteria_unclassified","Bacteria_unclassified","Bacteria_unclassified","Bacteria_unclassified","Bacteria_unclassified"
"Otu3503","Otu3503",4,"Actinobacteria","Actinobacteria","Propionibacteriales","Nocardioidaceae","Nocardioides"
"Otu3519","Otu3519",4,"Bacteria_unclassified","Bacteria_unclassified","Bacteria_unclassified","Bacteria_unclassified","Bacteria_unclassified"
"Otu3525","Otu3525",4,"Bacteroidetes","Sphingobacteriia","Sphingobacteriales","Sphingobacteriaceae","Sphingobacterium"
"Otu3544","Otu3544",4,"Firmicutes","Bacilli","Bacillales","Bacillales_unclassified","Bacillales_unclassified"
"Otu3563","Otu3563",4,"Firmicutes","Clostridia","Clostridiales","Ruminococcaceae","Flintibacter"
"Otu3590","Otu3590",4,"Firmicutes","Clostridia","Clostridiales","Ruminococcaceae","Ruminococcaceae_unclassified"
"Otu3591","Otu3591",4,"Bacteria_unclassified","Bacteria_unclassified","Bacteria_unclassified","Bacteria_unclassified","Bacteria_unclassified"
"Otu3594","Otu3594",4,"Proteobacteria","Deltaproteobacteria","Myxococcales","Myxococcales_unclassified","Myxococcales_unclassified"
"Otu3669","Otu3669",4,"Proteobacteria","Alphaproteobacteria","Alphaproteobacteria_unclassified","Alphaproteobacteria_unclassified","Alphaproteobacteria_unclassified"
"Otu3700","Otu3700",4,"Proteobacteria","Alphaproteobacteria","Sphingomonadales","Sphingomonadaceae","Blastomonas"
"Otu3714","Otu3714",4,"Firmicutes","Clostridia","Clostridiales","Lachnospiraceae","Lachnospiraceae_unclassified"
"Otu3733","Otu3733",4,"Proteobacteria","Alphaproteobacteria","Rhizobiales","Phyllobacteriaceae","Phyllobacteriaceae_unclassified"
"Otu3788","Otu3788",4,"Firmicutes","Clostridia","Clostridiales","Lachnospiraceae","Lachnospiraceae_unclassified"
"Otu3792","Otu3792",4,"Bacteroidetes","Bacteroidia","Bacteroidales","Prevotellaceae","Prevotella"
"Otu3826","Otu3826",4,"Actinobacteria","Thermoleophilia","Gaiellales","Gaiellaceae","Gaiella"
"Otu3859","Otu3859",3,"Firmicutes","Bacilli","Bacillales","Bacillales_unclassified","Bacillales_unclassified"
"Otu3917","Otu3917",3,"Planctomycetes","Planctomycetacia","Planctomycetales","Gemmataceae","Gemmataceae_unclassified"
"Otu3931","Otu3931",3,"Proteobacteria","Proteobacteria_unclassified","Proteobacteria_unclassified","Proteobacteria_unclassified","Proteobacteria_unclassified"
"Otu3941","Otu3941",3,"Bacteria_unclassified","Bacteria_unclassified","Bacteria_unclassified","Bacteria_unclassified","Bacteria_unclassified"
"Otu3993","Otu3993",3,"Bacteroidetes","Flavobacteriia","Flavobacteriales","Cryomorphaceae","Cryomorphaceae_unclassified"
"Otu4007","Otu4007",3,"Bacteria_unclassified","Bacteria_unclassified","Bacteria_unclassified","Bacteria_unclassified","Bacteria_unclassified"
"Otu4052","Otu4052",3,"Firmicutes","Bacilli","Bacilli_unclassified","Bacilli_unclassified","Bacilli_unclassified"
"Otu4061","Otu4061",3,"Parcubacteria","Parcubacteria_unclassified","Parcubacteria_unclassified","Parcubacteria_unclassified","Parcubacteria_unclassified"
"Otu4085","Otu4085",3,"Proteobacteria","Alphaproteobacteria","Sphingomonadales","Sphingomonadaceae","Sphingomonas"
"Otu4088","Otu4088",3,"Proteobacteria","Betaproteobacteria","Betaproteobacteria_unclassified","Betaproteobacteria_unclassified","Betaproteobacteria_unclassified"
"Otu4116","Otu4116",3,"Actinobacteria","Thermoleophilia","Gaiellales","Gaiellaceae","Gaiella"
"Otu4237","Otu4237",3,"Firmicutes","Clostridia","Clostridiales","Ruminococcaceae","Ruminococcaceae_unclassified"
"Otu4246","Otu4246",3,"Verrucomicrobia","Verrucomicrobia_unclassified","Verrucomicrobia_unclassified","Verrucomicrobia_unclassified","Verrucomicrobia_unclassified"
"Otu4248","Otu4248",3,"Bacteroidetes","Bacteroidia","Bacteroidales","Prevotellaceae","Prevotella"
"Otu4260","Otu4260",3,"Bacteroidetes","Bacteroidia","Bacteroidales","Prevotellaceae","Prevotellaceae_unclassified"
"Otu4277","Otu4277",3,"Bacteria_unclassified","Bacteria_unclassified","Bacteria_unclassified","Bacteria_unclassified","Bacteria_unclassified"
"Otu4309","Otu4309",3,"Proteobacteria","Betaproteobacteria","Betaproteobacteria_unclassified","Betaproteobacteria_unclassified","Betaproteobacteria_unclassified"
"Otu4341","Otu4341",3,"Firmicutes","Negativicutes","Veillonellales","Veillonellaceae","Veillonellaceae_unclassified"
"Otu4405","Otu4405",3,"Bacteria_unclassified","Bacteria_unclassified","Bacteria_unclassified","Bacteria_unclassified","Bacteria_unclassified"
"Otu4453","Otu4453",3,"Bacteria_unclassified","Bacteria_unclassified","Bacteria_unclassified","Bacteria_unclassified","Bacteria_unclassified"
"Otu4471","Otu4471",3,"Firmicutes","Clostridia","Clostridiales","Peptoniphilaceae","Ezakiella"
"Otu4492","Otu4492",3,"Firmicutes","Clostridia","Clostridiales","Ruminococcaceae","Ruminococcaceae_unclassified"
"Otu4507","Otu4507",3,"Firmicutes","Bacilli","Lactobacillales","Lactobacillaceae","Limosilactobacillus"
"Otu4526","Otu4526",3,"Proteobacteria","Oligoflexia","Bacteriovoracales","Bacteriovoracales_unclassified","Bacteriovoracales_unclassified"
"Otu4544","Otu4544",3,"Bacteria_unclassified","Bacteria_unclassified","Bacteria_unclassified","Bacteria_unclassified","Bacteria_unclassified"
"Otu4570","Otu4570",3,"Firmicutes","Clostridia","Clostridiales","Ruminococcaceae","Ruminococcaceae_unclassified"
"Otu4626","Otu4626",3,"Bacteroidetes","Bacteroidia","Bacteroidales","Prevotellaceae","Prevotella"
"Otu4657","Otu4657",3,"Bacteroidetes","Bacteroidia","Bacteroidales","Muribaculaceae","Muribaculaceae_unclassified"
"Otu4663","Otu4663",3,"Firmicutes","Negativicutes","Acidaminococcales","Acidaminococcaceae","Phascolarctobacterium"
"Otu4676","Otu4676",3,"Firmicutes","Clostridia","Clostridiales","Lachnospiraceae","Lachnospiraceae_unclassified"
"Otu4714","Otu4714",2,"Parcubacteria","Parcubacteria_unclassified","Parcubacteria_unclassified","Parcubacteria_unclassified","Parcubacteria_unclassified"
"Otu4737","Otu4737",2,"Bacteroidetes","Bacteroidia","Bacteroidales","Bacteroidales_unclassified","Bacteroidales_unclassified"
"Otu4775","Otu4775",2,"Firmicutes","Clostridia","Clostridiales","Clostridiales_unclassified","Clostridiales_unclassified"
"Otu4789","Otu4789",2,"Firmicutes","Clostridia","Clostridiales","Clostridiales_unclassified","Clostridiales_unclassified"
"Otu4801","Otu4801",2,"Bacteroidetes","Bacteroidia","Bacteroidales","Prevotellaceae","Prevotella"
"Otu4933","Otu4933",2,"Bacteria_unclassified","Bacteria_unclassified","Bacteria_unclassified","Bacteria_unclassified","Bacteria_unclassified"
"Otu5039","Otu5039",2,"Firmicutes","Clostridia","Clostridiales","Lachnospiraceae","Lachnospiraceae_unclassified"
"Otu5074","Otu5074",2,"Firmicutes","Negativicutes","Negativicutes_unclassified","Negativicutes_unclassified","Negativicutes_unclassified"
"Otu5155","Otu5155",2,"Firmicutes","Clostridia","Clostridiales","Clostridiales_unclassified","Clostridiales_unclassified"
"Otu5158","Otu5158",2,"Bacteroidetes","Bacteroidia","Bacteroidales","Bacteroidales_unclassified","Bacteroidales_unclassified"
"Otu5163","Otu5163",2,"Bacteroidetes","Bacteroidia","Bacteroidales","Bacteroidaceae","Bacteroides"
"Otu5184","Otu5184",2,"Bacteria_unclassified","Bacteria_unclassified","Bacteria_unclassified","Bacteria_unclassified","Bacteria_unclassified"
"Otu5185","Otu5185",2,"Verrucomicrobia","Verrucomicrobiae","Verrucomicrobiales","Akkermansiaceae","Akkermansia"
"Otu5194","Otu5194",2,"Bacteroidetes","Bacteroidia","Bacteroidales","Rikenellaceae","Alistipes"
"Otu5262","Otu5262",2,"Firmicutes","Negativicutes","Acidaminococcales","Acidaminococcaceae","Phascolarctobacterium"
"Otu5554","Otu5554",2,"Proteobacteria","Gammaproteobacteria","Legionellales","Legionellaceae","Legionella"
"Otu5681","Otu5681",2,"Proteobacteria","Gammaproteobacteria","Enterobacterales","Enterobacteriaceae","Enterobacteriaceae_unclassified"
"Otu5690","Otu5690",2,"Bacteroidetes","Chitinophagia","Chitinophagales","Chitinophagaceae","Sediminibacterium"
"Otu5693","Otu5693",2,"Bacteroidetes","Bacteroidia","Bacteroidales","Porphyromonadaceae","Parabacteroides"
"Otu5696","Otu5696",2,"Actinobacteria","Actinobacteria","Mycobacteriales","Tsukamurellaceae","Tsukamurella"
"Otu5697","Otu5697",2,"Planctomycetes","Planctomycetacia","Planctomycetales","Planctomycetales_unclassified","Planctomycetales_unclassified"
"Otu5698","Otu5698",2,"Verrucomicrobia","Verrucomicrobiae","Verrucomicrobiales","Akkermansiaceae","Akkermansia"
"Otu5700","Otu5700",2,"Bacteroidetes","Bacteroidia","Bacteroidales","Prevotellaceae","Prevotella"
"Otu5760","Otu5760",2,"Firmicutes","Clostridia","Clostridiales","Lachnospiraceae","Lachnospiraceae_unclassified"
"Otu5787","Otu5787",2,"Bacteria_unclassified","Bacteria_unclassified","Bacteria_unclassified","Bacteria_unclassified","Bacteria_unclassified"
"Otu5866","Otu5866",2,"Proteobacteria","Betaproteobacteria","Betaproteobacteria_unclassified","Betaproteobacteria_unclassified","Betaproteobacteria_unclassified"
"Otu5875","Otu5875",2,"Bacteria_unclassified","Bacteria_unclassified","Bacteria_unclassified","Bacteria_unclassified","Bacteria_unclassified"
"Otu5924","Otu5924",2,"Firmicutes","Bacilli","Lactobacillales","Lactobacillales_unclassified","Lactobacillales_unclassified"
"Otu5979","Otu5979",2,"Parcubacteria","Parcubacteria_unclassified","Parcubacteria_unclassified","Parcubacteria_unclassified","Parcubacteria_unclassified"
"Otu6112","Otu6112",1,"Bacteria_unclassified","Bacteria_unclassified","Bacteria_unclassified","Bacteria_unclassified","Bacteria_unclassified"
"Otu6115","Otu6115",1,"Bacteria_unclassified","Bacteria_unclassified","Bacteria_unclassified","Bacteria_unclassified","Bacteria_unclassified"
"Otu6117","Otu6117",1,"Proteobacteria","Gammaproteobacteria","Enterobacterales","Enterobacteriaceae","Enterobacteriaceae_unclassified"
"Otu6128","Otu6128",1,"Proteobacteria","Gammaproteobacteria","Gammaproteobacteria_unclassified","Gammaproteobacteria_unclassified","Gammaproteobacteria_unclassified"
"Otu6172","Otu6172",1,"Bacteria_unclassified","Bacteria_unclassified","Bacteria_unclassified","Bacteria_unclassified","Bacteria_unclassified"
"Otu6221","Otu6221",1,"Proteobacteria","Betaproteobacteria","Burkholderiales","Burkholderiaceae","Lautropia"
"Otu6246","Otu6246",1,"Firmicutes","Clostridia","Clostridiales","Lachnospiraceae","Lachnospiraceae_unclassified"
"Otu6295","Otu6295",1,"Firmicutes","Erysipelotrichia","Erysipelotrichales","Erysipelotrichaceae","Clostridium_XVIII"
"Otu6409","Otu6409",1,"Bacteroidetes","Bacteroidia","Bacteroidales","Bacteroidales_unclassified","Bacteroidales_unclassified"
"Otu6452","Otu6452",1,"Firmicutes","Bacilli","Lactobacillales","Lactobacillaceae","Limosilactobacillus"
"Otu6465","Otu6465",1,"Bacteroidetes","Bacteroidia","Bacteroidales","Bacteroidaceae","Bacteroidaceae_unclassified"
"Otu6503","Otu6503",1,"Proteobacteria","Gammaproteobacteria","Enterobacterales","Enterobacteriaceae","Enterobacteriaceae_unclassified"
"Otu6519","Otu6519",1,"Firmicutes","Clostridia","Clostridiales","Lachnospiraceae","Hungatella"
"Otu6552","Otu6552",1,"Firmicutes","Clostridia","Clostridiales","Eubacteriaceae","Eubacterium"
"Otu6584","Otu6584",1,"Firmicutes","Negativicutes","Negativicutes_unclassified","Negativicutes_unclassified","Negativicutes_unclassified"
"Otu6607","Otu6607",1,"Firmicutes","Clostridia","Clostridiales","Ruminococcaceae","Ruminococcaceae_unclassified"
"Otu6665","Otu6665",1,"Firmicutes","Clostridia","Clostridiales","Peptostreptococcaceae","Peptostreptococcaceae_unclassified"
"Otu6695","Otu6695",1,"Firmicutes","Bacilli","Bacillales","Listeriaceae","Brochothrix"
"Otu6783","Otu6783",1,"Bacteroidetes","Bacteroidia","Bacteroidales","Bacteroidales_unclassified","Bacteroidales_unclassified"
"Otu6794","Otu6794",1,"Firmicutes","Clostridia","Clostridiales","Peptoniphilaceae","Anaerococcus"
"Otu6798","Otu6798",1,"Bacteroidetes","Bacteroidia","Bacteroidales","Muribaculaceae","Muribaculaceae_unclassified"
"Otu6841","Otu6841",1,"Deinococcus-Thermus","Deinococci","Deinococcales","Deinococcaceae","Deinococcaceae_unclassified"
"Otu6928","Otu6928",1,"Actinobacteria","Coriobacteriia","Coriobacteriales","Atopobiaceae","Olsenella"
"Otu6944","Otu6944",1,"Bacteria_unclassified","Bacteria_unclassified","Bacteria_unclassified","Bacteria_unclassified","Bacteria_unclassified"
"Otu7019","Otu7019",1,"Bacteroidetes","Bacteroidia","Bacteroidales","Porphyromonadaceae","Parabacteroides"
"Otu7087","Otu7087",1,"Bacteroidetes","Chitinophagia","Chitinophagales","Chitinophagaceae","Sediminibacterium"
"Otu7176","Otu7176",1,"Actinobacteria","Actinobacteria","Mycobacteriales","Mycobacteriales_unclassified","Mycobacteriales_unclassified"
"Otu7283","Otu7283",1,"Armatimonadetes","Chthonomonadetes","Chthonomonadales","Chthonomonadaceae","Chthonomonas/Armatimonadetes_gp3"
"Otu7284","Otu7284",1,"Fusobacteria","Fusobacteriia","Fusobacteriales","Fusobacteriaceae","Fusobacteriaceae_unclassified"
"Otu7385","Otu7385",1,"Proteobacteria","Alphaproteobacteria","Rhizobiales","Rhizobiales_unclassified","Rhizobiales_unclassified"
"Otu7445","Otu7445",1,"Firmicutes","Negativicutes","Veillonellales","Veillonellaceae","Anaeroglobus"
"Otu7452","Otu7452",1,"Firmicutes","Clostridia","Clostridiales","Peptoniphilaceae","Ezakiella"
"Otu7592","Otu7592",1,"Firmicutes","Clostridia","Clostridiales","Peptoniphilaceae","Finegoldia"
"Otu7656","Otu7656",1,"Firmicutes","Firmicutes_unclassified","Firmicutes_unclassified","Firmicutes_unclassified","Firmicutes_unclassified"
"Otu7658","Otu7658",1,"Firmicutes","Bacilli","Bacilli_unclassified","Bacilli_unclassified","Bacilli_unclassified"
"Otu7679","Otu7679",1,"Firmicutes","Clostridia","Clostridiales","Peptostreptococcaceae","Peptostreptococcus"
"Otu7699","Otu7699",1,"Bacteroidetes","Bacteroidia","Bacteroidales","Bacteroidaceae","Bacteroidaceae_unclassified"
"Otu7773","Otu7773",1,"Proteobacteria","Gammaproteobacteria","Enterobacterales","Enterobacteriaceae","Enterobacteriaceae_unclassified"
"Otu8010","Otu8010",1,"Firmicutes","Clostridia","Clostridiales","Ruminococcaceae","Faecalibacterium"
"Otu8079","Otu8079",1,"Bacteroidetes","Bacteroidia","Bacteroidales","Bacteroidaceae","Bacteroides"
"Otu8146","Otu8146",1,"Firmicutes","Bacilli","Bacillales","Bacillaceae_1","Bacillaceae_1_unclassified"
"Otu8329","Otu8329",1,"Fusobacteria","Fusobacteriia","Fusobacteriales","Fusobacteriaceae","Fusobacterium"
"Otu8365","Otu8365",1,"Firmicutes","Clostridia","Clostridiales","Lachnospiraceae","Mediterraneibacter"
"Otu8519","Otu8519",1,"Firmicutes","Bacilli","Bacillales","Bacillaceae_1","Bacillaceae_1_unclassified"
"Otu8700","Otu8700",1,"Bacteroidetes","Bacteroidia","Bacteroidales","Prevotellaceae","Prevotella"
"Otu8713","Otu8713",1,"Firmicutes","Clostridia","Clostridiales","Lachnospiraceae","Lachnospiraceae_unclassified"
"Otu8897","Otu8897",1,"Firmicutes","Clostridia","Clostridiales","Lachnospiraceae","Clostridium_XlVa"
"Otu9057","Otu9057",1,"Firmicutes","Firmicutes_unclassified","Firmicutes_unclassified","Firmicutes_unclassified","Firmicutes_unclassified"
"Otu9091","Otu9091",1,"Proteobacteria","Deltaproteobacteria","Myxococcales","Labilitrichaceae","Labilithrix"
"Otu9115","Otu9115",1,"Firmicutes","Bacilli","Lactobacillales","Lactobacillaceae","Lactobacillaceae_unclassified"
"Otu9136","Otu9136",1,"Firmicutes","Clostridia","Clostridiales","Ruminococcaceae","Ruminococcaceae_unclassified"
"Otu9143","Otu9143",1,"Firmicutes","Clostridia","Clostridiales","Ruminococcaceae","Ruminococcaceae_unclassified"
"Otu9159","Otu9159",1,"Bacteria_unclassified","Bacteria_unclassified","Bacteria_unclassified","Bacteria_unclassified","Bacteria_unclassified"
"Otu9195","Otu9195",1,"Proteobacteria","Gammaproteobacteria","Enterobacterales","Enterobacteriaceae","Enterobacteriaceae_unclassified"
"Otu9210","Otu9210",1,"Bacteria_unclassified","Bacteria_unclassified","Bacteria_unclassified","Bacteria_unclassified","Bacteria_unclassified"
"Otu9216","Otu9216",1,"Bacteria_unclassified","Bacteria_unclassified","Bacteria_unclassified","Bacteria_unclassified","Bacteria_unclassified"
"Otu9229","Otu9229",1,"Firmicutes","Clostridia","Clostridiales","Lachnospiraceae","Lachnospiraceae_unclassified"
"Otu9235","Otu9235",1,"Proteobacteria","Proteobacteria_unclassified","Proteobacteria_unclassified","Proteobacteria_unclassified","Proteobacteria_unclassified"
"Otu9237","Otu9237",1,"Bacteria_unclassified","Bacteria_unclassified","Bacteria_unclassified","Bacteria_unclassified","Bacteria_unclassified"
"Otu9240","Otu9240",1,"Proteobacteria","Gammaproteobacteria","Enterobacterales","Morganellaceae","Morganella"
"Otu9253","Otu9253",1,"Bacteroidetes","Bacteroidia","Bacteroidales","Prevotellaceae","Prevotella"
"Otu9288","Otu9288",1,"Bacteroidetes","Bacteroidia","Bacteroidales","Bacteroidales_unclassified","Bacteroidales_unclassified"
"Otu9302","Otu9302",1,"Firmicutes","Clostridia","Clostridiales","Clostridiaceae_1","Clostridiaceae_1_unclassified"
"Otu9330","Otu9330",1,"Proteobacteria","Gammaproteobacteria","Pseudomonadales","Pseudomonadaceae","Pseudomonadaceae_unclassified"
"Otu9341","Otu9341",1,"Bacteria_unclassified","Bacteria_unclassified","Bacteria_unclassified","Bacteria_unclassified","Bacteria_unclassified"
"Otu9387","Otu9387",1,"Verrucomicrobia","Verrucomicrobiae","Verrucomicrobiales","Akkermansiaceae","Akkermansia"
"Otu9393","Otu9393",1,"Proteobacteria","Gammaproteobacteria","Enterobacterales","Enterobacteriaceae","Enterobacteriaceae_unclassified"
"Otu9429","Otu9429",1,"Bacteria_unclassified","Bacteria_unclassified","Bacteria_unclassified","Bacteria_unclassified","Bacteria_unclassified"
"Otu9456","Otu9456",1,"Firmicutes","Clostridia","Clostridiales","Ruminococcaceae","Ruminococcaceae_unclassified"
"Otu9464","Otu9464",1,"Bacteroidetes","Bacteroidia","Bacteroidales","Bacteroidaceae","Bacteroidaceae_unclassified"
"Otu9485","Otu9485",1,"Actinobacteria","Actinobacteria","Actinomycetales","Actinomycetaceae","Schaalia"
"Otu9512","Otu9512",1,"Bacteria_unclassified","Bacteria_unclassified","Bacteria_unclassified","Bacteria_unclassified","Bacteria_unclassified"
"Otu9521","Otu9521",1,"Firmicutes","Clostridia","Clostridiales","Peptostreptococcaceae","Peptostreptococcus"
"Otu9613","Otu9613",1,"Firmicutes","Clostridia","Clostridiales","Ruminococcaceae","Ruminococcaceae_unclassified"
"Otu9643","Otu9643",1,"Firmicutes","Clostridia","Clostridiales","Peptoniphilaceae","Peptoniphilus"
"Otu9644","Otu9644",1,"Bacteria_unclassified","Bacteria_unclassified","Bacteria_unclassified","Bacteria_unclassified","Bacteria_unclassified"
"Otu9706","Otu9706",1,"Actinobacteria","Actinobacteria","Nakamurellales","Nakamurellaceae","Nakamurella"
"Otu9738","Otu9738",1,"Bacteria_unclassified","Bacteria_unclassified","Bacteria_unclassified","Bacteria_unclassified","Bacteria_unclassified"
"Otu9764","Otu9764",1,"Firmicutes","Clostridia","Clostridiales","Ruminococcaceae","Ruminococcus"
"Otu9785","Otu9785",1,"Firmicutes","Clostridia","Clostridiales","Ruminococcaceae","Flintibacter"
"Otu9793","Otu9793",1,"Firmicutes","Clostridia","Clostridiales","Lachnospiraceae","Anaerotignum"
"Otu9796","Otu9796",1,"Firmicutes","Clostridia","Clostridiales","Peptoniphilaceae","Fenollaria"
"Otu9805","Otu9805",1,"Firmicutes","Bacilli","Bacilli_unclassified","Bacilli_unclassified","Bacilli_unclassified"
"Otu9825","Otu9825",1,"Firmicutes","Negativicutes","Acidaminococcales","Acidaminococcaceae","Phascolarctobacterium"
"Otu9850","Otu9850",1,"Bacteroidetes","Bacteroidia","Bacteroidales","Prevotellaceae","Prevotellaceae_unclassified"
"Otu9882","Otu9882",1,"Bacteroidetes","Bacteroidia","Bacteroidales","Bacteroidales_unclassified","Bacteroidales_unclassified"
"Otu9887","Otu9887",1,"Proteobacteria","Gammaproteobacteria","Gammaproteobacteria_unclassified","Gammaproteobacteria_unclassified","Gammaproteobacteria_unclassified"
